Name,Main Role,Secondary Roles,Position,Branch,Links,ImagePath
A.J.,,['Males'],['A salesman and ex-boyfriend of [[Holly Flax|Holly]].'],['Dunder Mifflin Nashua'],"['Holly Flax', 'Holly Flax', 'Michael Scott', 'Pam Beesly', 'Pam Beesly']",A.J..jpg
Abby,,"['Females', 'Family members']",[],[],"['Stacy', 'Pam Beesly']",Abby.png
Alan,,[],[],[],"['Kelly Kapoor', 'Ryan Howard', 'Pam Beesly']",Alan.jpg
Alan Brand,,"['Dunder Mifflin employees', 'Former employees', 'Males']",['CEO '],['Dunder Mifflin Corporate Office'],"['Jan Levinson', 'Michael Scott', 'Oscar Martinez', 'David Wallace', 'Jim Halpert', 'Charles Miner']",Alan_Brand.png
Alex,,['Males'],[],[],"['Pam Beesly', 'Alex', 'Karen Filippelli']",Alex.jpg
Alice,,['Females'],[],[],"['Pete Miller', 'Andy Bernard', 'Erin Hannon']",Alice.png
Amy,,['Females'],[],[],['Toby Flenderson'],Amy.jpg
Andy Bernard,Main Characters,"['Dunder Mifflin employees', 'Actors of Threat Level Midnight', 'Former employees', 'Males', 'Dunder Mifflin employees', 'Actors of Threat Level Midnight', 'Former employees', 'Males']",['Former Regional Manager'],['Dunder Mifflin Scranton'],"['Erin Hannon', 'Angela Martin', 'Unnamed Cousin', 'Walter Bernard Jr.', 'Walter Bernard Sr.', 'Ellen Bernard', 'Jim Halpert', 'Robert California', 'Michael Scott', 'Deangelo Vickers', 'Nellie Bertram', 'David Wallace', 'Angela Martin', 'Erin Hannon', 'Jim Halpert', 'Karen Filippelli', 'Josh Porter', 'Pam Beesly', 'Jim Halpert', 'Ryan Howard', 'Nellie Bertram', 'Robert California', 'David Wallace', 'Erin Hannon', 'Michael Scott', 'Angela Martin', 'Gabe Lewis', 'Alice', 'Angela Martin', 'Dwight Schrute', 'Toby Flenderson', 'Jim Halpert', 'Pam Beesly', 'Darryl Philbin', 'Cathy Simms', 'Stanley Hudson', 'Ryan Howard', 'Nellie Bertram', 'Jo Bennett', 'Nick', 'Robert California', 'Nellie Bertram', 'David Wallace', 'Michael Scott', 'Dwight Schrute', 'Jamie', 'Stanley Hudson', 'Angela Martin', 'Angela Martin', 'Garbage', 'Kevin Malone', 'Bob Vance', 'Michael Scott', ""Rachel (Andy's Girlfriend)"", 'Deangelo Vickers', 'Walter Bernard Sr.', 'Ellen Bernard', 'Walter Bernard Jr.', ""Jessica (Andy's Girlfriend)"", 'David Wallace', 'Pete Miller', 'Jan Levinson', 'Alice', 'Todd Packer', 'Carla Fern']",Andy_Bernard.jpeg
Andy Roddick,,['Males'],[],[],"['Astrid Levinson', 'Jan Levinson', 'Astrid Levinson']",Andy_Roddick.jpg
Angela Martin,Main Characters,"['Dunder Mifflin employees', 'Former employees', 'Actors of Threat Level Midnight', 'Actors of The 3rd Floor', 'Females']",['Former Head of Accounting'],['Dunder Mifflin Scranton'],"['Dwight Schrute', 'Robert Lipton', 'Andy Bernard', 'Phillip Schrute', 'Rachael Martin', 'Charles Miner', 'Pam Beesly', 'Karen Filippelli', 'Meredith Palmer', 'Phyllis Vance', 'Meredith Palmer', 'Andy Bernard', 'Karen Filippelli', 'Charles Miner', ""Angela's cats"", 'Sprinkles', 'Bandit', 'Garbage', 'Sprinkles', 'Robert Lipton', 'Erin Hannon', 'Michael Scott', 'Phyllis Vance', 'Phyllis Vance', 'Oscar Martinez', 'Kevin Malone', 'Oscar Martinez', 'Kevin Malone', 'Pam Beesly']",Angela_Martin.jpg
Angela's cats,,"['Animals', 'Unnamed']",[],[],"['Angela Martin', 'Sprinkles', 'Garbage', 'Andy Bernard', 'Bandit', 'Andy Bernard']",Angela's_cats.png
Angelo Grotti,,['Males'],[],[],"['Andy Bernard', 'Dwight Schrute', 'Oscar Martinez', 'Jim Halpert', 'Pam Beesly']",Angelo_Grotti.jpg
Arnie Rissman,,['Males'],[],[],"['Evan', 'Michael Scott']",Arnie_Rissman.jpg
Ashley,,['Females'],[],[],"['Erin Hannon', 'Oscar Martinez']",Ashley.png
Asian Jim,,['Males'],[],[],"['Jim Halpert', 'Pam Beesly', 'Jim Halpert', 'Dwight Schrute']",Asian_Jim.jpg
Astrid Levinson,,"['Females', 'Family members']",[],[],"['Michael Scott', 'Jan Levinson', 'Jan Levinson', 'Andy Roddick', 'Jan Levinson', 'Andy Roddick', 'Michael Scott', 'Andy Roddick', 'Cecelia Halpert', 'Hunter Raymond', 'Kevin Malone']",Astrid_Levinson.jpeg
Aunt Shirley,,"['Deceased characters', 'Females', 'Family members']",[],[],"['Honk', 'Dwight Schrute', 'Mose Schrute', 'Dwight Schrute', 'Angela Martin', 'Oscar Martinez', 'Dwight Schrute']",Aunt_Shirley.png
Bandit,,"['Females', 'Family members', 'Animals']",[],[],"['Angela Martin', 'Dwight Schrute', 'Oscar Martinez', 'Jim Halpert']",Bandit.png
Barbara Allen,,['Females'],[],[],"['Michael Scott', 'Pam Beesly']",Barbara_Allen.jpg
Barbara Keevis,,"['Females', 'Family members']",[],[],"['Michael Scott', 'Michael Scott']",Barbara_Keevis.jpg
Belsnickel,,['Characters of Dwight Schrute'],[],[],"['Dwight Schrute', 'Nate Nickerson']",Belsnickel.png
The Benihana Trio,,['Females'],[],[],"['Andy Bernard', 'Michael Scott', 'Michael Scott', 'Carol Stills', 'Andy Bernard', 'Jim Halpert', 'Dwight Schrute']",The_Benihana_Trio.jpg
Bert California,,"['Males', 'Family members']",[],[],"['Robert California', 'Robert California', 'Dwight Schrute']",Bert_California.jpg
Bert Jacobs,,[],[],[],['Creed Bratton'],Bert_Jacobs.jpg
Betsy Halpert,,"['Females', 'Family members']",[],[],"['Gerald Halpert', 'William Beesly', 'Helene Beesly', 'Jim Halpert', 'Pete Halpert', 'Tom Halpert', 'Phillip Halpert', 'Pete Halpert', 'Tom Halpert', 'William Beesly']",Betsy_Halpert.jpg
Bill Cress,,['Males'],[],[],[],Bill_Cress.jpg
Bill Hader,,[],[],[],[],Bill_Hader.jpg
Billy Merchant,,['Males'],[],[],['Michael Scott'],Billy_Merchant.jpg
Billy the Bartender,,"['Threat Level Midnight Characters', 'Males']",[],[],"['Andy Bernard', 'Michael Scarn', 'Andy Bernard']",Billy_the_Bartender.jpg
Blind Guy McSqueezy,,"['Characters of Michael Scott', 'Males']",[],[],"['Michael Scott', 'Michael Scott', 'Michael Scott', 'Jim Halpert', 'Pam Beesly']",Blind_Guy_McSqueezy.jpg
Bob Vance,,['Males'],[],[],"['Kevin Malone', 'Stanley Hudson', 'Ryan Howard', 'Kelly Kapoor', 'Angela Martin', 'Phyllis Vance']",Bob_Vance.png
Brandon,,['Males'],[],[],"['Val Johnson', 'Andy Bernard']",Brandon.png
Brenda Matlowe,,"['Dunder Mifflin employees', 'Females']",['Corporate Training'],['Dunder Mifflin Corporate Office'],"['Michael Scott', 'Jan Levinson', 'Jim Halpert', 'Abby', 'Kevin Malone', 'Pam Beesly']",Brenda_Matlowe.jpg
Brian Wittle,,['Males'],[],[],[],Brian_Wittle.jpg
Broccoli Rob,,['Males'],[],[],['Andy Bernard'],Broccoli_Rob.jpg
Mr. Brown,,['Males'],[],[],['Michael Scott'],Mr._Brown.jpg
Bruce,,"['Males', 'Warehouse worker']",[],[],[],Bruce.png
Cameraman,,"['Males', 'Unnamed']",[],[],"['Andy Bernard', 'Mose Schrute', 'James P. Albini', 'Pam Beesly', 'Dwight Schrute', 'Angela Martin', 'Rachel Wallace', 'Michael Scott', 'Karen Filippelli', 'Michael Scott']",Cameraman.png
Captain Jack,,['Males'],[],[],"['Michael Scott', 'Meredith Palmer']",Captain_Jack.jpg
Carla,,['Females'],[],[],"['Andy Bernard', 'Michael Scott']",Carla.jpg
Carla Fern,,['Females'],[],[],"['Andy Bernard', 'Darryl Philbin']",Carla_Fern.png
Carol Stills,,['Females'],[],[],"['Jan Levinson', 'Michael Scarn', 'Michael Scott']",Carol_Stills.jpg
Casey Dean,,['Females'],[],[],['Andy Bernard'],Casey_Dean.png
Catherine Zeta-Scarn,,"['Threat Level Midnight Characters', 'Females']",[],[],"['Michael Scarn', 'Phyllis Vance', 'Michael Scarn', 'Goldenface']",Catherine_Zeta-Scarn.png
Cathy Simms,,"['Females', 'Former employees', 'Dunder Mifflin employees']",[],[],"['Pam Beesly', 'Jim Halpert']",Cathy_Simms.jpeg
Cecelia Halpert,,"['Females', 'Family members']",[],[],"['Dwight Schrute', 'Andy Bernard', 'Pam Beesly', 'Jim Halpert', 'William Beesly', 'Helene Beesly', 'Gerald Halpert', 'Betsy Halpert', 'Pam Beesly', 'Jim Halpert', 'Michael Scott', 'Dwight Schrute', 'Sylvia', 'Angela Martin', 'Helene Beesly', 'Gabe Lewis', 'Erin Hannon', 'Deangelo Vickers', 'Phillip Schrute']",Cecelia_Halpert.png
Chad Ligh,,['Males'],[],[],"['Michael Scott', 'Barbara Allen', 'Dwight Schrute']",Chad_Ligh.jpg
Charles Miner,,"['Dunder Mifflin employees', 'Former employees', 'Males']",['Former Vice President of Northeastern Sales '],['Dunder Mifflin Corporate Office'],"['Ryan Howard', 'Michael Scott', 'David Wallace', 'David Wallace', 'Dwight Schrute', 'Michael Scott', 'Jim Halpert', 'Angela Martin', 'Kelly Kapoor', 'David Wallace']",Charles_Miner.jpg
Cherokee Jack,,"['Threat Level Midnight Characters', 'Males', 'Deceased characters']",[],[],"['Michael Scarn', 'Creed Bratton', 'Michael Scarn', 'Creed Bratton', 'Goldenface']",Cherokee_Jack.jpg
Chet Montgomery,,['Males'],[],[],"['Michael Scott', 'Michael Scott']",Chet_Montgomery.jpg
Chris Finch,,['Males'],[],[],['Todd Packer'],Chris_Finch.jpg
Chris Kotter,,['Males'],[],[],['Michael Scott'],Chris_Kotter.jpg
Christian,Clients of dunder mifflin,[],[],[],"['Michael Scott', 'Jan Levinson']",Christian.jpeg
Christian Slater,,[],[],[],['Christian Slater'],Christian_Slater.jpg
Clark (Lactation Consultant),,['Males'],[],[],[],Clark_(Lactation_Consultant).jpg
Clark Green,Main Characters,"['Males', 'Dunder Mifflin employees']",['Sales Rep.'],['Dunder Mifflin Scranton'],"['Pete Miller', 'Kelly Kapoor', 'Dwight Schrute', 'Angela Martin', 'Jim Halpert', 'Andy Bernard', 'Creed Bratton', 'Pam Beesly', 'Erin Hannon', 'Darryl Philbin', 'Stanley Hudson', 'Toby Flenderson', 'Jan Levinson', 'Phyllis Vance', 'David Wallace', 'Todd Packer', 'Kevin Malone']",Clark_Green.jpg
Colin,,['Males'],[],[],['Julius Erving'],Colin.png
Conan O'Brien,,[],[],[],['Michael Scott'],Conan_O'Brien.png
Concierge Marie,,['Females'],[],[],"['Michael Scott', 'Oscar Martinez', 'Andy Bernard']",Concierge_Marie.jpg
Craig,,"['Dunder Mifflin employees', 'Former employees', 'Males']","[""''Unexplained departure""]",['Dunder Mifflin Albany'],['Jan Levinson'],Craig.jpg
Creed Bratton,Main Characters,"['Dunder Mifflin employees', 'Actors of Threat Level Midnight', 'Former employees', 'Actors of The 3rd Floor', 'Males']",['Former Acting Regional Manager'],['Dunder Mifflin Scranton'],"['Oscar Martinez', 'Dwight Schrute', 'Creed Bratton', 'Michael Scott', 'Devon White', 'Hannah Smoterich-Barr', 'Holly Flax', 'Toby Flenderson']",Creed_Bratton.jpg
Cynthia,,['Females'],[],[],"['Stanley Hudson', 'Stanley Hudson', 'Megan', 'Eric', 'Maurie']",Cynthia.jpg
Dan (Karen's husband),,['Males'],[],[],['Karen Filippelli'],Dan_(Karen's_husband).png
Dan Gore,,"['Dunder Mifflin employees', 'Former employees', 'Males']",[],[],"['Jan Levinson', 'David Wallace']",Dan_Gore.jpg
Daniel Donnelly,,['Males'],[],[],"['Debby Donnelly', 'Dwight Schrute']",Daniel_Donnelly.jpg
Danny Cordray,,"['Dunder Mifflin employees', 'Males']",['Traveling Sales Representative'],['Dunder Mifflin Scranton'],"['Jim Halpert', 'Dwight Schrute', 'Karen Filippelli', 'Dwight Schrute', 'Jim Halpert', 'Michael Scott', 'Steve Nash', 'Meredith Palmer']",Danny_Cordray.jpg
Darryl Philbin,Main Characters,"['Dunder Mifflin employees', 'Warehouse worker', 'Actors of Threat Level Midnight', 'Former employees', 'Males']",['Former Warehouse Foreman'],['Dunder Mifflin Scranton'],"['Michael Scott', 'Kelly Kapoor', 'Val Johnson', 'Jada Philbin', 'Gwyneth Philbin', 'Michael Scott', 'Andy Bernard', 'Kelly Kapoor', 'Holly Flax', 'Dwight Schrute', 'Andy Bernard', 'Jan Levinson', 'Bob Vance', 'Toby Flenderson', 'Andy Bernard', 'Andy Bernard']",Darryl_Philbin.PNG
David Brent,,['Males'],[],[],['Michael Scott'],David_Brent.jpg
David Wallace,,"['Dunder Mifflin employees', 'Males']",['CFO prior to Dunder Mifflin being bought by Sabre'],['Dunder Mifflin Corporate Office'],"['Michael Scott', 'Rachel Wallace', 'Teddy Wallace', 'Michael Scott', 'Jan Levinson', 'Craig', 'Jim Halpert', 'Karen Filippelli', 'Dwight Schrute', 'Toby Flenderson', 'Ryan Howard', 'Holly Flax', 'Charles Miner', 'Pam Beesly', 'Andy Bernard', 'Robert California', 'Oscar Martinez']",David_Wallace.jpg
Dawn Tinsley,,['Females'],[],[],"['Pam Beesly', 'Tim Canterbury', 'Lee', 'Pam Beesly', 'Tim Canterbury', 'Gareth Keenan']",Dawn_Tinsley.jpg
Deangelo Vickers,,"['Males', 'Former employees', 'Deceased characters']",['Former Regional Manager'],['Dunder Mifflin Scranton'],"['Michael Scott', 'Holly Flax', 'Michael Scott', 'Erin Hannon', 'Kevin Malone', 'Gabe Lewis', 'Creed Bratton', 'Kevin Malone', 'Darryl Philbin', 'Gabe Lewis', 'Jim Halpert', 'Andy Bernard', 'Jo Bennett']",Deangelo_Vickers.png
Debbie Brown,,"['Former employees', 'Females']",[],[],[],Debbie_Brown.jpg
Debby Donnelly,,['Females'],[],[],"['Daniel Donnelly', 'Dwight Schrute']",Debby_Donnelly.jpg
Deborah Shoshlefski,,"['Females', 'Deceased characters']",[],[],[],Deborah_Shoshlefski.jpg
Dennis,,['Males'],[],[],"['Angela Martin', 'Bob Vance']",Dennis.jpg
Devon White,,"['Dunder Mifflin employees', 'Males']",['Quality Assurance Representative'],['Dunder Mifflin Scranton'],"['Michael Scott', 'Michael Scott', 'Creed Bratton', 'Dwight Schrute', 'Louanne Kelley', 'Angela Martin']",Devon_White.jpg
Diane Kelly,,"['Dunder Mifflin employees', 'Females']",['Chief Attorney'],['Dunder Mifflin Corporate Office'],['Jan Levinson'],Diane_Kelly.jpg
Donna (UK),,['Females'],[],[],"['David Brent', 'Tim Canterbury', 'Dawn Tinsley', 'Gareth Keenan']",Donna_(UK).jpg
Donna Newton,,['Females'],[],[],"['Michael Scott', 'Michael Scott', 'Jim Halpert', 'Pam Beesly']",Donna_Newton.jpg
Drake Howard,,"['Males', 'Family members']",[],[],"['Nellie Bertram', 'Ryan Howard', 'Ryan Howard', 'Nellie Bertram']",Drake_Howard.png
Dunder Mifflin family members and loved ones,,[],[],[],"['Michael Scott', 'Helene Beesly', 'Donna Newton', 'Luke Cooper', 'Dwight Schrute', 'Michael Scott', 'Jan Levinson', 'Jim Halpert', 'Pam Beesly', 'Kevin Malone', 'Gil', 'Oscar Martinez', 'Sylvia', 'Jim Halpert', 'Ryan Howard', 'Angela Martin', 'Oscar Martinez', 'Stanley Hudson', 'Michael Scott', 'Phyllis Vance', 'Kevin Malone', 'Abby', 'Meredith Palmer', 'Dwight Schrute', 'Toby Flenderson', 'Michael Scott', 'Jim Halpert', 'Kelly Kapoor', 'Kelly Kapoor', 'Ryan Howard', 'Andy Bernard', 'Walter Bernard Sr.', 'Ellen Bernard', 'Angela Martin', 'Jim Halpert', 'Oscar Martinez', 'Michael Scott', 'David Wallace', 'Michael Scott', 'Dwight Schrute', 'Hannah Smoterich-Barr', 'Michael Scott']",Dunder_Mifflin_family_members_and_loved_ones.jpg
Dwight Schrute,Main Characters,"['Dunder Mifflin employees', 'Actors of Threat Level Midnight', 'Males']",['Regional Manager'],['Dunder Mifflin Scranton'],"['Angela Martin', 'Esther Bruegger', 'Isabel Poreba', 'Jeb Schrute', 'Fannie Schrute', 'Mose Schrute', 'Aunt Shirley', 'Honk', 'Jim Halpert', 'Angela Martin', 'Todd Packer', 'Gareth Keenan', 'Michael Scott', 'Gareth Keenan', 'Mose Schrute', 'Jo Bennett', 'Andy Bernard', 'Jim Halpert', 'Pam Beesly', 'Robert California', 'Toby Flenderson', 'Todd Packer', 'Roy Anderson', 'Jim Halpert', 'Ryan Howard', 'Meredith Palmer', 'Toby Flenderson', 'Phyllis Vance', 'Kelly Kapoor', 'Todd Packer', 'Todd Packer', 'Todd Packer', 'David Wallace', 'Andy Bernard', 'Michael Scott', 'Ryan Howard', 'Andy Bernard', 'Erin Hannon', 'Angela Martin']",Dwight_Schrute.jpg
Ed Truck,,"['Dunder Mifflin employees', 'Deceased characters', 'Former employees', 'Males']",['Former Regional Manager'],['Dunder Mifflin Scranton'],"['Michael Scott', 'Creed Bratton', 'Jan Levinson']",Ed_Truck.jpg
Edward R. Meow,,['Males'],[],[],['Michael Scott'],Edward_R._Meow.jpg
Elbert Lapin,,"['Males', 'Family members']",[],[],"['Phyllis Vance', ""Phyllis' Sister"", 'Phyllis Vance', 'Michael Scott']",Elbert_Lapin.jpg
Elizabeth,,['Females'],[],[],"['Dwight Schrute', 'Bob Vance', 'Jan Levinson']",Elizabeth.jpg
Ellen Bernard,,"['Females', 'Family members']",[],[],"['Walter Bernard Sr.', 'Andy Bernard', 'Walter Bernard Jr.', 'Andy Bernard', 'Walter Bernard Sr.', 'Walter Bernard Jr.']",Ellen_Bernard.png
Eric,,"['Males', 'Dunder Mifflin employees', 'Former employees']",[],[],"['Stanley Hudson', 'Cynthia']",Eric.png
Eric Ward,,['Males'],[],[],"['Toby Flenderson', 'Michael Scott', 'Dwight Schrute']",Eric_Ward.jpg
Erik,,['Males'],[],[],"['Meredith Palmer', 'Michael Scott']",Erik.png
Erin Hannon,Main Characters,"['Females', 'Dunder Mifflin employees', 'Actors of The 3rd Floor']",['Receptionist'],['Dunder Mifflin Scranton'],"['Charles Miner', 'Darryl Philbin', 'Meredith Palmer', 'Andy Bernard', 'Gabe Lewis', 'Pete Miller', 'Reed', ""Erin's Mother"", ""Erin's Father"", 'Pam Beesly', 'Dawn Tinsley', 'Kelly Kapoor', 'Michael Scott', 'Dwight Schrute', 'Ryan Howard', 'Meredith Palmer', 'Charles Miner', 'Deangelo Vickers', 'Jim Halpert', 'Holly Flax', 'Jim Halpert', 'Robert California', 'Irene', 'Pete Miller']",Erin_Hannon.jpg
Erin's Father,,['Males'],[],[],"[""Erin's Mother"", 'Erin Hannon']",Erin's_Father.jpg
Erin's Mother,,['Females'],[],[],"[""Erin's Father"", 'Erin Hannon', ""Erin's Father""]",Erin's_Mother.jpg
Esther Bruegger,,['Females'],[],[],"['Dwight Schrute', 'Dwight Schrute']",Esther_Bruegger.png
Evan,,['Males'],[],[],['Michael Scott'],Evan.jpg
Fannie Schrute,,"['Females', 'Family members']",[],[],"['Dwight Schrute', 'Jeb Schrute', 'Mose Schrute', 'Dwight Schrute', 'Oscar Martinez']",Fannie_Schrute.png
Fern Widgale,,['Males'],[],[],[],Fern_Widgale.png
Finger Lakes Guy,,"['Males', 'Unnamed']",[],[],"['Jim Halpert', 'Toby Flenderson', 'Gabe Lewis']",Finger_Lakes_Guy.png
Frank,,"['Dunder Mifflin employees', 'Former employees', 'Warehouse worker']",['Former Warehouse Staff'],['Dunder Mifflin Scranton'],"['Clark Green', 'Clark Green']",Frank.jpg
Fred Henry,,['Males'],[],[],['Jim Halpert'],Fred_Henry.jpg
Gabe Lewis,Main Characters,"['Dunder Mifflin employees', 'Former employees', 'Actors of The 3rd Floor', 'Males']",['Former Regional Director of Sales of Dunder Mifflin/Sabre'],['Dunder Mifflin Scranton'],"['Jo Bennett', 'Jan Levinson', 'David Wallace', 'Erin Hannon', 'Andy Bernard', 'Erin Hannon', 'Kelly Kapoor', 'Erin Hannon', 'Todd Packer', 'Pam Beesly', 'Jim Halpert', 'Robert California', 'Val Johnson', 'Ryan Howard', 'David Wallace', 'Cathy Simms', 'Jim Halpert', 'Erin Hannon', 'Kelly Kapoor', 'Kevin Malone', 'Oscar Martinez', 'Kevin Malone', 'Kelly Kapoor', 'Erin Hannon', 'Creed Bratton', 'Meredith Palmer', 'Angela Martin']",Gabe_Lewis.jpg
Garbage,,['Animals'],[],[],"[""Angela's cats"", 'Mose Schrute', 'Angela Martin', 'Sprinkles', 'Dwight Schrute', 'Andy Bernard', 'Bandit']",Garbage.png
Gareth Keenan,,['Males'],[],[],"['Dwight Schrute', 'Tim Canterbury', 'David Brent']",Gareth_Keenan.jpg
Gerald Halpert,,['Males'],[],[],"['Betsy Halpert', 'Jim Halpert', 'Pete Halpert', 'Tom Halpert', 'Phillip Halpert', 'Pete Halpert', 'Tom Halpert', 'Betsy Halpert', 'William Beesly']",Gerald_Halpert.jpg
Gideon,,"['Males', 'Warehouse worker']",[],[],[],Gideon.png
Gil,,['Males'],[],[],"['Oscar Martinez', 'Dwight Schrute', 'Michael Scott', 'Jan Levinson', 'Pam Beesly', 'Penny Beesly']",Gil.jpg
Gino,,['Males'],[],[],"['Leo', 'Michael Scott', 'Phyllis Vance', 'Bob Vance', 'Pam Beesly']",Gino.jpg
Glenn (Florida),,['Males'],[],[],"['Erin Hannon', 'Irene', 'Irene']",Glenn_(Florida).png
Glenn (Warehouse Worker),,"['Dunder Mifflin employees', 'Warehouse worker', 'Actors of Threat Level Midnight', 'Males']",[],[],"['Philip', 'Darryl Philbin']",Glenn_(Warehouse_Worker).jpg
Glove Girl,,['Females'],[],[],['Michael Scott'],Glove_Girl.png
Goldenface,,"['Threat Level Midnight Characters', 'Males', 'Deceased characters']",[],[],"['Jim Halpert', 'Jim Halpert', 'Michael Scarn']",Goldenface.jpg
Gordon,,['Males'],[],[],"['Michael Scott', 'Jim Halpert', 'Phyllis Vance', 'Pam Beesly']",Gordon.jpg
Grace,,"['Dunder Mifflin employees', 'Females']",['Corporate receptionist'],['Dunder Mifflin Corporate Office'],[],Grace.jpg
Gwyneth Philbin,,"['Females', 'Family members']",[],[],"['Darryl Philbin', 'Darryl Philbin']",Gwyneth_Philbin.jpg
Hank Doyle,,"['Males', 'Dunder Mifflin employees']",[],[],['Dwight Schrute'],Hank_Doyle.jpg
Hannah Smoterich-Barr,,"['Dunder Mifflin employees', 'Former employees', 'Females']",['Former Accountant'],['Dunder Mifflin Scranton'],"['Josh Porter', 'Karen Filippelli', 'Michael Scott', 'Creed Bratton', 'Martin Nash', 'Phyllis Vance', 'Pam Beesly', 'Toby Flenderson', 'Angela Martin']",Hannah_Smoterich-Barr.jpg
Helene Beesly,,"['Actors of Threat Level Midnight', 'Females', 'Family members']",[],[],"['William Beesly', 'Michael Scott', 'Pam Beesly', 'Penny Beesly', 'Sylvia', 'Cecelia Halpert', 'Phillip Halpert', 'Pam Beesly', 'Jim Halpert', 'William Beesly', 'Michael Scott', 'Cecelia Halpert', 'Phillip Halpert']",Helene_Beesly.jpg
Hidetoshi Hasagawa,,"['Dunder Mifflin employees', 'Warehouse worker', 'Actors of Threat Level Midnight', 'Males']",['Warehouse Staff'],['Dunder Mifflin Scranton'],"['Michael Scott', 'Darryl Philbin', 'Kelly Kapoor', 'Darryl Philbin', 'Robert California', 'Darryl Philbin', 'Nate Nickerson']",Hidetoshi_Hasagawa.png
Holly Flax,,"['Dunder Mifflin employees', 'Former employees', 'Females']","['Former HR Representative', 'HR Representative (former)']","['Dunder Mifflin Scranton', 'Dunder Mifflin Nashua']","['Michael Scott', 'A.J.', 'Mr. Flax', 'Mrs. Flax', 'Kevin Malone', 'Jim Halpert', 'Oscar Martinez', 'Pam Beesly', 'A.J.', 'Michael Scott', 'Pam Beesly', 'Jo Bennett', 'Toby Flenderson', 'Scranton Strangler', 'Kelly Kapoor', 'Phyllis Vance', 'Michael Scott', 'Jim Halpert', 'Dwight Schrute', 'Erin Hannon', 'David Wallace', 'Toby Flenderson']",Holly_Flax.jpg
Honk,,['Males'],[],[],"['Dwight Schrute', 'Dwight Schrute']",Honk.jpg
Hunter Raymond,,"['Dunder Mifflin employees', 'Former employees', 'Males']",[],[],"['Jan Levinson', 'Astrid Levinson', 'Jan Levinson', 'Michael Scott', 'Darryl Philbin', 'Jan Levinson', 'Ryan Howard', 'Astrid Levinson']",Hunter_Raymond.jpg
Irene,,['Females'],[],[],"['Erin Hannon', 'Andy Bernard', 'Glenn (Florida)']",Irene.jpg
Isabel Poreba,,['Females'],[],[],"['Dwight Schrute', 'Dwight Schrute', 'Pam Beesly', 'Jim Halpert', 'Dwight Schrute', 'Angela Martin', 'Toby Flenderson']",Isabel_Poreba.jpg
Ivan Shotsky,,['Unseen Characters'],[],[],"['Dwight Schrute', 'Michael Scott']",Ivan_Shotsky.jpeg
Jack,,['Males'],[],[],['Meredith Palmer'],Jack.jpg
Jada Philbin,,"['Females', 'Family members']",[],[],"['Darryl Philbin', 'Justine Philbin', 'Darryl Philbin', 'Kelly Kapoor', 'Kevin Malone']",Jada_Philbin.png
Jake Palmer,,"['Males', 'Family members']",[],[],"['Meredith Palmer', 'Meredith Palmer']",Jake_Palmer.jpeg
James P. Albini,,['Males'],[],[],"['Michael Scott', 'Stanley Hudson', 'Dwight Schrute']",James_P._Albini.jpg
Jamie,,['Females'],[],[],['Andy Bernard'],Jamie.png
Jan Levinson,Main Characters,"['Dunder Mifflin employees', 'Former employees', 'Actors of Threat Level Midnight', 'Females']",['Former Vice President of Northeastern Sales\xa0'],['Dunder Mifflin Corporate Office'],"['Urkel Grue', 'Mr. R. Gould', 'Michael Scott', 'Clark Green', 'Astrid Levinson', 'Michael Scott', 'Hunter Raymond', 'David Wallace', 'Carol Stills', 'Jim Halpert', 'Oscar Martinez', 'Dwight Schrute', 'Pam Beesly', 'Josh Porter', 'Martin Nash', 'Meredith Palmer', 'Ryan Howard', 'Astrid Levinson', 'Holly Flax', 'Jasmine Windsong', 'Michael Scarn', 'Clark Green', 'Andy Bernard']",Jan_Levinson.jpg
Jasmine Windsong,,"['Threat Level Midnight Characters', 'Females', 'Deceased characters']",[],[],"['Jan Levinson', 'Jan Levinson', 'Goldenface', 'Michael Scarn']",Jasmine_Windsong.jpg
Jeb Schrute,,"['Males', 'Family members']",[],[],"['Dwight Schrute', 'Fannie Schrute', 'Dwight Schrute']",Jeb_Schrute.png
Jerry DiCanio,,"['Dunder Mifflin employees', 'Former employees', 'Warehouse worker', 'Males', 'Deceased characters']",[],[],"['Michael Scott', 'Darryl Philbin', 'Roy Anderson']",Jerry_DiCanio.jpg
Jessica (Andy's Girlfriend),,['Females'],[],[],"['Ellen Bernard', 'Walter Bernard Jr.', 'Robert California']",Jessica_(Andy's_Girlfriend).png
Jessica (Vance Refrigeration),,['Females'],[],[],"['Phyllis Vance', 'Dwight Schrute']",Jessica_(Vance_Refrigeration).png
Jim Halpert,Main Characters,"['Dunder Mifflin employees', 'Actors of Threat Level Midnight', 'Former employees', 'Males']",['Former Sales Representative'],['Dunder Mifflin Scranton'],"['Andy Bernard', 'Creed Bratton', 'Pam Beesly', 'Karen Filippelli', 'Katy Moore', 'Cecelia Halpert', 'Phillip Halpert', 'Tom Halpert', 'Pete Halpert', 'Gerald Halpert', 'Betsy Halpert', 'William Beesly', 'Helene Beesly', 'Penny Beesly', 'Tim Canterbury', 'Dwight Schrute', 'Pam Beesly', 'Andy Bernard', 'Gerald Halpert', 'Betsy Halpert', 'Pete Halpert', 'Tom Halpert', 'Toby Flenderson', 'Pam Beesly', 'Pam Beesly', 'Roy Anderson', 'Karen Filippelli', 'Charles Miner', 'Danny Cordray', 'Gabe Lewis', 'Todd Packer', 'Cathy Simms']",Jim_Halpert.PNG
Jo Bennett,,"['Dunder Mifflin employees', 'Former employees', 'Females']",[],[],"['Robert California', 'Michael Scott', 'Gabe Lewis', 'Robert California', 'David Wallace', 'Kevin Malone', 'Nellie Bertram']",Jo_Bennett.jpg
Jordan Garfield,,"['Dunder Mifflin employees', 'Former employees', 'Females']",[],[],"['Deangelo Vickers', 'Pam Beesly', 'Dwight Schrute', 'Jim Halpert', 'Jo Bennett', 'Creed Bratton', 'Gabe Lewis', 'Toby Flenderson', 'Robert California']",Jordan_Garfield.png
Julia,Clients of dunder mifflin,['Females'],[],[],"['Stanley Hudson', 'Andy Bernard']",Julia.png
Julie,,['Females'],[],[],"['Pam Beesly', 'Michael Scott']",Julie.png-thumb-250px--
Julius Erving,,['Males'],[],[],"['Jim Halpert', 'Dwight Schrute', 'Darryl Philbin', 'Toby Flenderson', 'Deangelo Vickers']",Julius_Erving.jpg
Justine Philbin,,['Females'],[],[],['Darryl Philbin'],Justine_Philbin.jpg
Karen Filippelli,Main Characters,"['Dunder Mifflin employees', 'Actors of Threat Level Midnight', 'Females']","['Former Sales Representative', 'Regional Manager']","['Dunder Mifflin Scranton', 'Dunder Mifflin Utica']","['Michael Scott', ""Dan (Karen's husband)"", 'Jim Halpert', 'Jim Halpert', 'Josh Porter', 'Andy Bernard', 'Pam Beesly', 'Angela Martin', 'Phyllis Vance', 'Stanley Hudson', 'Michael Scott', 'Dwight Schrute', ""Dan (Karen's husband)"", 'Kelly Kapoor', 'Nellie Bertram', 'Ryan Howard']",Karen_Filippelli.jpg
Katy Moore,,['Females'],[],[],"['Dwight Schrute', 'Michael Scott', 'Jim Halpert', 'Pam Beesly', 'Meredith Palmer', 'Ryan Howard', 'Roy Anderson', 'Catherine Zeta-Scarn']",Katy_Moore.jpg
Keith Bishop,,['Males'],[],[],[],Keith_Bishop.jpg
Kelly Kapoor,Main Characters,"['Dunder Mifflin employees', 'Females', 'Actors of The 3rd Floor', 'Former employees', 'Actors of Threat Level Midnight']",['Former Customer Service Representative'],['Dunder Mifflin Scranton'],"['Charles Miner', 'Ryan Howard', 'Ravi', 'Darryl Philbin', 'Ryan Howard', 'Erin Hannon', 'Ravi', 'Michael Scott', 'Pam Beesly', 'Phyllis Vance', 'Alan', 'Angela Martin', 'Jan Levinson', 'Karen Filippelli', 'Ryan Howard', 'Darryl Philbin', 'Creed Bratton', 'Kevin Malone', 'Charles Miner', 'Angela Martin', 'Erin Hannon', 'Erin Hannon', 'Andy Bernard', 'Deangelo Vickers', 'Jordan Garfield', 'Ravi', 'Ravi', 'Ryan Howard', 'Robert California', 'Ryan Howard', 'Toby Flenderson']",Kelly_Kapoor.jpg
Kendall,,"['Dunder Mifflin employees', 'Males']",[],[],"['Jim Halpert', 'David Wallace', 'Michael Scott', 'Toby Flenderson', 'Holly Flax', 'Meredith Palmer', 'Dwight Schrute']",Kendall.png
Kenny Anderson,,"['Males', 'Family members']",[],[],"['Roy Anderson', 'Roy Anderson', 'Pam Beesly', 'Jim Halpert']",Kenny_Anderson.jpg
Kevin Malone,Main Characters,"['Dunder Mifflin employees', 'Actors of Threat Level Midnight', 'Former employees', 'Actors of The 3rd Floor', 'Males']",['Former Accountant'],['Dunder Mifflin Scranton'],"['Stacy', 'Lynn', 'Abby', 'Oscar Martinez', 'Angela Martin', 'Michael Scott', 'Stacy', 'Lynn', 'Angela Martin', 'Oscar Martinez', 'Michael Scott', 'Stanley Hudson', 'Pam Beesly', 'Roy Anderson', 'Jim Halpert', 'Pam Beesly', 'Erin Hannon', 'Kelly Kapoor', 'Cecelia Halpert', 'Deangelo Vickers', 'Robert California']",Kevin_Malone.PNG
Kevin's Sister,,"['Females', 'Family members']",[],[],['Kevin Malone'],Kevin's_Sister.png
Konikotaka,,[],[],[],['Dwight Schrute'],Konikotaka.jpg
Laura Anderson,,['Females'],[],[],[],Laura_Anderson.png
Leo,,['Males'],[],[],"['Gino', 'Michael Scott', 'Phyllis Vance', 'Bob Vance', 'Pam Beesly']",Leo.jpg
Lester Schneider,,['Males'],[],[],['Jan Levinson'],Lester_Schneider.jpg
Lily,,['Females'],[],[],"['Pam Beesly', 'Jim Halpert', 'Andy Bernard', 'Sophie', 'Sam']",Lily.png
Linda,,['Females'],[],[],"['Dwight Schrute', 'Ryan Howard']",Linda.jpg
Lloyd Gross,,['Characters of Dwight Schrute'],[],[],"['Jim Halpert', 'Dwight Schrute', 'Pam Beesly', 'Toby Flenderson']",Lloyd_Gross.jpg
Lonny Collins,,"['Dunder Mifflin employees', 'Former employees', 'Warehouse worker', 'Males']",[],[],"['Michael Scott', 'Darryl Philbin', 'Toby Flenderson', 'Kelly Kapoor', 'Michael Scott']",Lonny_Collins.png
Louanne Kelley,,"['Dunder Mifflin employees', 'Former employees', 'Females']",['Unknown'],['Dunder Mifflin Scranton'],"['Toby Flenderson', 'Kelly Kapoor', 'Hannah Smoterich-Barr', 'Michael Scott', 'Meredith Palmer', 'Dwight Schrute', 'Jim Halpert', 'Pam Beesly', 'Angela Martin', 'Kelly Kapoor', 'Toby Flenderson', 'Kevin Malone']",Louanne_Kelley.PNG
Luke Cooper,,"['Males', 'Family members']",[],[],"['Michael Scott', 'Phyllis Vance', 'Kevin Malone', 'Andy Bernard', 'Angela Martin', 'Darryl Philbin', 'Michael Scott', 'Creed Bratton']",Luke_Cooper.png
Lynn,,['Females'],[],[],"['Kevin Malone', 'Kevin Malone', 'Kevin Malone']",Lynn.jpg
Madge Madsen,,"['Dunder Mifflin employees', 'Former employees', 'Warehouse worker', 'Females']",['Former warehouse worker'],['Dunder Mifflin Scranton'],"['Dwight Schrute', 'Michael Scott', 'Jim Halpert', 'Pam Beesly', 'Meredith Palmer', 'Jim Halpert']",Madge_Madsen.jpg
Margaret,,[],[],[],"['Pam Beesly', 'Jan Levinson']",Margaret.jpeg
Mark,,['Males'],[],[],"['Jim Halpert', 'Dwight Schrute']",Mark.jpg
Mark Franks,,['Males'],[],[],['Michael Scott'],Mark_Franks.jpg
Martin Nash,,"['Dunder Mifflin employees', 'Former employees', 'Males']",['Formerly in Supplier Relations (sat opposite Creed)'],['Dunder Mifflin Scranton'],"['Michael Scott', 'Tony Gardner']",Martin_Nash.jpg
Marybeth,,['Females'],[],[],['Michael Scott'],Marybeth.jpg
Matt,,"['Dunder Mifflin employees', 'Former employees', 'Warehouse worker', 'Males']",['Warehouse Staff'],['Dunder Mifflin Scranton'],"['Oscar Martinez', 'Pam Beesly', 'Jo Bennett', 'Darryl Philbin']",Matt.jpg
Maurie,,"['Males', 'Dunder Mifflin employees', 'Former employees']",[],[],"['Stanley Hudson', 'Cynthia']",Maurie.png
Megan,,"['Females', 'Dunder Mifflin employees', 'Former employees']",[],[],"['Stanley Hudson', 'Cynthia']",Megan.jpg
Melissa Hudson,,"['Females', 'Family members']",[],[],"['Stanley Hudson', 'Teri Hudson', 'Stanley Hudson', 'Stanley Hudson', 'Ryan Howard']",Melissa_Hudson.PNG
Melvina Whitaker,,['Females'],[],[],['Dwight Schrute'],Melvina_Whitaker.jpg
Meredith Palmer,Main Characters,"['Dunder Mifflin employees', 'Actors of Threat Level Midnight', 'Actors of The 3rd Floor', 'Females']",['Supplier Relations Representative'],['Dunder Mifflin Scranton'],"['Jake Palmer', 'Michael Scott', 'Jan Levinson', 'Pam Beesly', 'Captain Jack', 'Dwight Schrute', 'Michael Scott', 'Jim Halpert', 'Toby Flenderson', 'Oscar Martinez', 'Jan Levinson', 'Phyllis Vance', 'Bob Vance', 'Angela Martin', 'Karen Filippelli', 'Creed Bratton']",Meredith_Palmer.jpg
Merv Bronte,,['Males'],[],[],"['Robert California', 'Jim Halpert']",Merv_Bronte.jpg
Michael (Warehouse Worker),,"['Dunder Mifflin employees', 'Warehouse worker']",[],[],['Michael Scott'],Michael_(Warehouse_Worker).png
Michael Klump,,"['Characters of Michael Scott', 'Dunder Mifflin employees']",[],[],"['Michael Scott', 'Michael Scott', 'Michael Scott', 'Michael Scott', 'Holly Flax', 'Julie', 'Jim Halpert']",Michael_Klump.jpg
Michael Scarn,,"['Characters of Michael Scott', 'Threat Level Midnight Characters', 'Males']",[],[],"['Michael Scott', 'Goldenface', 'Samuel L. Chang']",Michael_Scarn.jpg
Michael Scotch,,['Characters of Dwight Schrute'],[],[],"['Dwight Schrute', 'David Wallace', 'Michael Scott']",Michael_Scotch.png
Michael Scott,Main Characters,"['Dunder Mifflin employees', 'Former employees', 'Actors of Threat Level Midnight', 'Males']",['Former Regional Manager'],['Dunder Mifflin Scranton'],"['Ryan Howard', 'Ping', 'Michael Scarn', 'Michael Klump', 'Blind Guy McSqueezy', 'Prison Mike', 'Holly Flax', 'Jan Levinson', 'Helene Beesly', 'Carol Stills', 'Donna Newton', ""Michael's mother"", 'Barbara Keevis', 'Luke Cooper', 'David Brent', 'Pam Beesly', 'Jim Halpert', 'Holly Flax', 'Deangelo Vickers', 'Andy Bernard', 'Dwight Schrute', 'Pam Beesly', 'Ryan Howard', 'Jim Halpert', 'Jan Levinson', 'Stanley Hudson', 'Jan Levinson', 'Jim Halpert', 'Andy Bernard', 'Charles Miner', 'Darryl Philbin', 'David Wallace', 'Pam Beesly', 'Holly Flax', 'Dwight Schrute', 'Ryan Howard', 'Erin Hannon', 'Andy Bernard', 'Angela Martin', 'Gabe Lewis', 'Holly Flax', 'Jan Levinson', 'David Brent', 'Toby Flenderson', 'Carol Stills', 'Jan Levinson', 'Dwight Schrute', 'David Brent', 'Jan Levinson', 'David Brent', 'Jan Levinson', 'Toby Flenderson']",Michael_Scott.PNG
Mike Tibbets,,['Males'],[],[],"['Cathy Simms', 'Dwight Schrute']",Mike_Tibbets.png
Mikela Lasker,,['Females'],[],[],['Michael Scott'],Mikela_Lasker.jpg
Miserly Man,,['Males'],[],[],[],Miserly_Man.jpg
Mose Schrute,,"['Males', 'Family members']",[],[],"['Dwight Schrute', 'Jeb Schrute', 'Fannie Schrute', 'Dwight Schrute', 'Jim Halpert', 'Pam Beesly', 'Holly Flax']",Mose_Schrute.jpg
Mr. Flax,,"['Males', 'Family members', 'Unseen Characters', 'Unnamed']",[],[],"['Holly Flax', 'Michael Scott', 'Mrs. Flax']",Mr._Flax.png
Mrs. Flax,,"['Females', 'Unseen Characters', 'Unnamed', 'Family members']",[],[],['Mr. Flax'],Mrs._Flax.png
Ms. Trudy,,['Females'],[],[],['Michael Scott'],Ms._Trudy.png
Mykonos,,['Characters of Michael Scott'],[],[],"['Holly Flax', 'Michael Scott', 'Michael Scott', 'Andy Bernard', 'Holly Flax']",Mykonos.jpg
Nate Nickerson,,"['Dunder Mifflin employees', 'Warehouse worker', 'Males']",['Warehouse Staff'],['Dunder Mifflin Scranton'],"['Dwight Schrute', 'Dwight Schrute', 'Hidetoshi Hasagawa', 'Ravi']",Nate_Nickerson.png
Neil Godwin,,['Males'],[],[],"['David Brent', 'Josh Porter', 'Ryan Howard', 'Charles Miner']",Neil_Godwin.jpg
Nellie Bertram,Main Characters,"['Dunder Mifflin employees', 'Former employees', 'Females']",['Former Regional Manager and Special Projects Manager'],['Dunder Mifflin Scranton'],"['Drake Howard', 'Andy Bernard', 'Jo Bennett', 'Jo Bennett', 'David Wallace', 'Frank', 'Ryan Howard', 'David Brent']",Nellie_Bertram.png
Nick,,"['Dunder Mifflin employees', 'Former employees', 'Males']",[],[],[],Nick.jpg
Nick Figaro,,['Males'],[],[],['Michael Scott'],Nick_Figaro.jpg
Mr. O'Malley,,['Males'],['Attorney'],['Dunder Mifflin Corporate Office'],"['Jan Levinson', 'James P. Albini']",Mr._O'Malley.jpg
Oscar Martinez,Main Characters,"['Dunder Mifflin employees', 'Males', 'Actors of Threat Level Midnight']",['Chief Accountant'],['Dunder Mifflin Scranton'],"['Michael Scott', 'Michael Scott', 'Gil', 'Robert Lipton', 'Toby Flenderson', 'Jim Halpert', 'Kevin Malone', 'Pam Beesly', 'Meredith Palmer', 'Phyllis Vance', 'Michael Scott', 'Angela Martin', 'Ryan Howard', 'Dwight Schrute', 'Jan Levinson', 'Goldenface', 'Stanley Hudson', 'Kelly Kapoor', 'Creed Bratton', 'Gil', 'Andy Bernard', 'Matt', 'Pam Beesly', 'Darryl Philbin', 'Erin Hannon', 'Robert California', 'Angela Martin', 'Robert Lipton', 'Michael Scott', 'Holly Flax', 'Darryl Philbin']",Oscar_Martinez.jpg
Pam (other),,['Females'],[],[],"['Pam Beesly', 'Dwight Schrute', 'Nate Nickerson']",Pam_(other).jpg
Pam Beesly,Main Characters,"['Dunder Mifflin employees', 'Actors of Threat Level Midnight', 'Former employees', 'Females']",['Former Receptionist'],['Dunder Mifflin Scranton'],"['Jim Halpert', 'Roy Anderson', 'Alan', 'Cecelia Halpert', 'Phillip Halpert', 'Penny Beesly', 'Helene Beesly', 'William Beesly', 'Sylvia', 'Isabel Poreba', 'Dawn Tinsley', 'Jim Halpert', 'Dawn Tinsley', 'Karen Filippelli', 'Andy Bernard', 'Erin Hannon', 'Cathy Simms', 'Robert California', 'Angela Martin', 'Holly Flax', 'Ryan Howard', 'Dwight Schrute', 'Nellie Bertram', 'Jim Halpert', 'Darryl Philbin', 'Pam Beesly', 'Andy Bernard', 'Jim Halpert', 'Stanley Hudson', 'Erin Hannon', 'Ryan Howard', 'Cathy Simms', 'Phyllis Vance', 'Ryan Howard']",Pam_Beesly.jpg
Paris,,['Females'],[],[],['Dwight Schrute'],Paris.jpg
Patty Grossman,,['Females'],[],[],[],Patty_Grossman.jpg
Paul Faust,,['Males'],[],[],['Creed Bratton'],Paul_Faust.jpg
Penny Beesly,,"['Family members', 'Females']",[],[],"['Pam Beesly', 'Pam Beesly', 'Kevin Malone', 'Gil', 'Oscar Martinez']",Penny_Beesly.jpg
Pete Halpert,,"['Males', 'Family members']",[],[],"['Jim Halpert', 'Tom Halpert', 'Betsy Halpert', 'Gerald Halpert', 'Jim Halpert', 'Tom Halpert', 'Pam Beesly', 'Michael Scott', 'Dwight Schrute']",Pete_Halpert.jpg
Pete Miller,Main Characters,"['Dunder Mifflin employees', 'Males']",['Customer Service Representative'],['Dunder Mifflin Scranton'],"['Clark Green', 'Kelly Kapoor', 'Jim Halpert', 'Andy Bernard', 'Creed Bratton', 'Pam Beesly', 'Erin Hannon', 'Dwight Schrute', 'Angela Martin', 'Stanley Hudson', 'Phyllis Vance', 'Toby Flenderson', 'Kevin Malone', 'Darryl Philbin', 'Meredith Palmer', 'Oscar Martinez', 'David Wallace', 'Alice', 'Gabe Lewis', 'Stanley Hudson', 'Robert Lipton']",Pete_Miller.jpg
Philip,,"['Former employees', 'Warehouse worker', 'Males']",['Warehouse Staff'],['Dunder Mifflin Scranton'],"['Michael Scott', 'Dwight Schrute', 'Bob Vance']",Philip.jpg
Phillip Halpert,,"['Males', 'Family members']",[],[],"['Cecelia Halpert', 'Pam Beesly', 'Jim Halpert', 'Helene Beesly', 'William Beesly', 'Gerald Halpert', 'Betsy Halpert', 'Jim Halpert', 'Pam Beesly', 'Cecelia Halpert', 'Pam Beesly', 'Angela Martin']",Phillip_Halpert.jpg
Phillip Schrute,,[],[],[],"['Angela Martin', 'Dwight Schrute', 'Oscar Martinez', 'Dwight Schrute', 'Angela Martin', 'Robert Lipton', 'Dwight Schrute']",Phillip_Schrute.png
Phyllis Vance,Main Characters,"['Dunder Mifflin employees', 'Actors of Threat Level Midnight', 'Females']",['Regional Director of Sales'],['Dunder Mifflin Scranton'],"['Michael Scott', 'Bob Vance', ""Phyllis' Sister"", 'Elbert Lapin', 'Erin Hannon', 'Pam Beesly', 'Bob Vance', 'Pam Beesly', 'Angela Martin', 'Meredith Palmer', 'Karen Filippelli', 'Oscar Martinez', 'Toby Flenderson', 'Jim Halpert', 'Todd Packer', 'Kevin Malone', 'Dwight Schrute', 'Devon White', 'Catherine Zeta-Scarn', 'Tom Peets', 'Roy Anderson', 'Karen Filippelli', 'Stanley Hudson', 'Elbert Lapin', 'Michael Scott', 'Jim Halpert', 'Pam Beesly', 'Angela Martin', 'Dwight Schrute', 'Andy Bernard', 'Erin Hannon', 'Mr. Flax', 'Holly Flax', 'Robert California', 'Nellie Bertram', 'Darryl Philbin', 'Val Johnson', 'Todd Packer']",Phyllis_Vance.jpg
Phyllis' Sister,,"['Family members', 'Females']",[],[],"['Phyllis Vance', 'Phyllis Vance', 'Elbert Lapin', 'Bob Vance']",Phyllis'_Sister.png
Ping,,['Characters of Michael Scott'],[],[],['Michael Scott'],Ping.jpg
Pizza Delivery Kid,,['Males'],[],[],"['Michael Scott', 'Dwight Schrute', 'Kevin Malone', 'Oscar Martinez', 'Andy Bernard', 'Ryan Howard']",Pizza_Delivery_Kid.jpg
Polly,,"['Dunder Mifflin employees', 'Females']",[],[],['Jim Halpert'],Polly.jpg
Josh Porter,,"['Former employees', 'Males']",[],[],"['Neil Godwin', 'Jan Levinson', 'Michael Scott', 'David Wallace', 'Jan Levinson', 'Jim Halpert', 'Jan Levinson', 'Andy Bernard']",Josh_Porter.jpg
Prison Mike,,"['Characters of Michael Scott', 'Males']",[],[],"['Michael Scott', 'Michael Scott', 'Michael Scott', 'Martin Nash']",Prison_Mike.png
Rachael Martin,,['Females'],[],[],[],Rachael_Martin.jpg
Rachel Wallace,,"['Family members', 'Females']",[],[],"['David Wallace', 'Teddy Wallace', 'David Wallace', 'Dwight Schrute']",Rachel_Wallace.jpg
Ravi,,['Males'],[],[],"['Dwight Schrute', 'Angela Martin', 'Kevin Malone', 'Nellie Bertram']",Ravi.png
Recyclops,,['Characters of Dwight Schrute'],[],[],"['Dwight Schrute', 'Dwight Schrute', 'Dwight Schrute']",Recyclops.jpg
Reed,,"['Males', 'Family members']",[],[],"['Erin Hannon', 'Andy Bernard']",Reed.jpg
Reggie,,['Males'],[],[],['Deangelo Vickers'],Reggie.png
Robert California,Main Characters,"['Former employees', 'Males']",['Former Regional Manager'],['Dunder Mifflin Scranton'],"['Andy Bernard', 'Darryl Philbin', 'Susan California', 'Bert California', 'Jo Bennett', 'David Wallace', 'Andy Bernard', 'Hidetoshi Hasagawa', 'Jim Halpert', 'Todd Packer', 'Nellie Bertram', 'Pam Beesly', 'Toby Flenderson', 'Gabe Lewis', 'Merv Bronte', 'Andy Bernard', 'Susan California', 'Robert Lipton']",Robert_California.jpg
Robert Dunder,,"['Dunder Mifflin employees', 'Males']",['Co-Founder'],['Dunder Mifflin Corporate Office'],"['Robert Mifflin', 'Ryan Howard', 'Michael Scott']",Robert_Dunder.jpg
Robert Lipton,,['Males'],[],[],"['Oscar Martinez', 'Angela Martin', 'Wesley Silver', 'Dwight Schrute', 'Angela Martin', 'Deangelo Vickers']",Robert_Lipton.jpg
Rolando,,"['Dunder Mifflin employees', 'Males']",['Receptionist'],['Dunder Mifflin Utica'],"['Pam Beesly', 'Jim Halpert', 'Karen Filippelli', 'Michael Scott', 'Dwight Schrute']",Rolando.jpg
Rolf Ahl,,['Males'],[],[],"['Dwight Schrute', 'Charles Miner', 'David Wallace']",Rolf_Ahl.jpg
Ronni,,"['Dunder Mifflin employees', 'Former employees']",['Former Receptionist'],['Dunder Mifflin Scranton'],"['Michael Scott', 'Ryan Howard', 'Dwight Schrute', 'Creed Bratton']",Ronni.jpg
Rory Flenderson,,"['Males', 'Family members']",[],[],"['Toby Flenderson', 'Toby Flenderson', 'Michael Scott']",Rory_Flenderson.png
Rose,,['Females'],[],[],"['Stanley Hudson', 'Michael Scott', 'Andy Bernard', 'Dwight Schrute']",Rose.jpg
Roy Anderson,Main Characters,"['Dunder Mifflin employees', 'Former employees', 'Warehouse worker', 'Actors of Threat Level Midnight', 'Males']",['Former Warehouse Staff'],['Dunder Mifflin Scranton'],"['Laura Anderson', 'Pam Beesly', 'Kenny Anderson', 'Lee', 'Dawn Tinsley', 'Pam Beesly', 'Jim Halpert', 'Pam Beesly', 'Dwight Schrute', 'Pam Beesly', 'Jim Halpert']",Roy_Anderson.jpg
Ryan Howard,Main Characters,"['Males', 'Actors of Threat Level Midnight', 'Actors of The 3rd Floor', 'Dunder Mifflin employees', 'Former employees']","['Former Temp', 'Former Vice President of Northeastern Sales\xa0']","['Dunder Mifflin Scranton', 'Dunder Mifflin Corporate Office']","['Kelly Kapoor', 'Melissa Hudson', 'Drake Howard', 'David Wallace', 'Neil Godwin', 'Michael Scott', 'David Wallace', 'Michael Scott', 'Kelly Kapoor', 'Michael Scott', 'Jim Halpert', 'Jan Levinson', 'Robert California', 'Ravi', 'Kelly Kapoor', 'Nellie Bertram', 'Michael Scott']",Ryan_Howard.PNG
Sadiq,,"['Dunder Mifflin employees', 'Former employees', 'Males']",['IT Technician'],['Dunder Mifflin Corporate Office'],"['Nick', 'Michael Scott', 'Jim Halpert', 'Pam Beesly', 'Nick']",Sadiq.jpg
Sam,,['Males'],[],[],"['Pam Beesly', 'Jim Halpert', 'Andy Bernard', 'Sophie', 'Lily']",Sam.jpg
Samuel L. Chang,,"['Threat Level Midnight Characters', 'Characters of Dwight Schrute']",[],[],"['Dwight Schrute', 'Michael Scarn', 'Dwight Schrute', 'Michael Scarn']",Samuel_L._Chang.jpg
Sasha Flenderson,,"['Females', 'Family members']",[],[],"['Toby Flenderson', 'Cathy Becker', 'Toby Flenderson', 'Michael Scott', 'Cathy Becker', 'Jim Halpert']",Sasha_Flenderson.png
Sconesy Cider,,['Females'],[],[],['Cecelia Halpert'],Sconesy_Cider.png
Scranton Strangler,,[],[],[],"['Toby Flenderson', 'Andy Bernard', 'Jim Halpert', 'Dwight Schrute', 'Dwight Schrute', 'Jim Halpert', 'Creed Bratton', 'Dwight Schrute', 'Dwight Schrute']",Scranton_Strangler.jpg
Sensei Billy,,['Males'],[],[],"['Sensei Ira Glicksberg', 'David Wallace']",Sensei_Billy.png
Sensei Ira Glicksberg,,[],[],[],"['Dwight Schrute', 'Michael Scott']",Sensei_Ira_Glicksberg.jpg
Seth (Cece's Godfather),,['Males'],[],[],"['Jim Halpert', 'Pam Beesly', 'Cecelia Halpert', 'Michael Scott']",Seth_(Cece's_Godfather).jpg
Sophie,,['Females'],[],[],"['Pam Beesly', 'Jim Halpert', 'Andy Bernard', 'Sam', 'Lily']",Sophie.png
Sprinkles,,"['Deceased characters', 'Females', 'Family members', 'Animals']",[],[],"['Angela Martin', 'Michael Scott', 'Dwight Schrute']",Sprinkles.jpg
Stacy,,"['Females', 'Family members']",[],[],"['Kevin Malone', 'Abby', 'Kevin Malone', 'Jim Halpert', 'Phyllis Vance', 'Abby', 'Melissa Riley', 'Pam Beesly']",Stacy.jpg
Stanley Hudson,Main Characters,"['Dunder Mifflin employees', 'Former employees', 'Actors of Threat Level Midnight']",['Former Sales Representative'],['Dunder Mifflin Scranton'],"['Teri Hudson', 'Cynthia', 'Melissa Hudson', 'Phyllis Vance', 'Teri Hudson', 'Melissa Hudson', 'Michael Scott', 'Cynthia', 'Megan', 'Maurie', 'Eric', 'Teri Hudson', 'Phyllis Vance', 'Karen Filippelli']",Stanley_Hudson.jpg
Steve (actor friend),,['Males'],[],[],"['Pam Beesly', 'Jim Halpert', 'Dwight Schrute', 'Cecelia Halpert', 'Phillip Halpert']",Steve_(actor_friend).png
Sue,,['Females'],[],[],"['Pam Beesly', 'Phyllis Vance']",Sue.png
Susan California,,"['Females', 'Family members']",[],[],"['Robert California', 'Andy Bernard']",Susan_California.jpg
Sylvia,,"['Females', 'Family members']",[],[],"['Helene Beesly', 'Pam Beesly', 'Penny Beesly', 'Phillip Halpert', 'Pam Beesly', 'Jim Halpert']",Sylvia.png
Ted Kassar,,[],[],[],"['Josh Porter', 'Jim Halpert', 'Michael Scott']",Ted_Kassar.jpg
Teddy Wallace,,"['Males', 'Family members']",[],[],"['David Wallace', 'Rachel Wallace', 'Rachel Wallace', 'David Wallace', 'Dwight Schrute']",Teddy_Wallace.jpg
Teri Hudson,,['Females'],[],[],"['Stanley Hudson', 'Stanley Hudson', 'Phyllis Vance', 'Michael Scott', 'Melissa Hudson', 'Cynthia', 'Dwight Schrute', 'Gabe Lewis']",Teri_Hudson.jpg
The Gypsy,,['The 3rd Floor Characters'],[],[],"['Ryan Howard', 'Meredith Palmer', 'Kelly Kapoor', 'The Killer']",The_Gypsy.png
The Killer,,['The 3rd Floor Characters'],[],[],"['The Gypsy', 'Erin Hannon']",The_Killer.png
Tiffany,,['Females'],[],[],"['Andy Bernard', 'Pam Beesly', 'Andy Bernard']",Tiffany.png
Tim Canterbury,,['Males'],[],[],"['Jim Halpert', 'Dawn Tinsley', 'Gareth Keenan', 'Dawn Tinsley']",Tim_Canterbury.jpg
Toby Flenderson,Main Characters,"['Dunder Mifflin employees', 'Former employees', 'Males', 'Actors of Threat Level Midnight']",['Former Human Resources'],['Dunder Mifflin Scranton'],"['Rory Flenderson', 'Sasha Flenderson', 'Cathy Becker', 'Cathy Becker', 'Sasha Flenderson', 'Michael Scott', 'Andy Bernard', 'Nellie Bertram', 'Jim Halpert', 'Oscar Martinez', 'Kevin Malone', 'Dwight Schrute', 'Sadiq', 'Ryan Howard', 'Todd Packer', 'Angela Martin', 'Pam Beesly', 'Kelly Kapoor', 'Phyllis Vance', 'Darryl Philbin', 'Jo Bennett', 'Jim Halpert', 'Dwight Schrute', 'Kevin Malone', 'Oscar Martinez', 'Phyllis Vance', 'Angela Martin', 'Darryl Philbin', 'Sasha Flenderson', 'Tony Gardner']",Toby_Flenderson.jpg
Todd Packer,,"['Males', 'Dunder Mifflin employees', 'Former employees', 'Actors of Threat Level Midnight']",['Former Traveling Salesman'],['Dunder Mifflin Scranton'],"['Chris Finch', 'Creed Bratton', 'Jan Levinson', 'Bob Vance', 'Phyllis Vance', 'Michael Scott', 'Meredith Palmer', 'Jim Halpert', 'Dwight Schrute']",Todd_Packer.jpg
Tom Halpert,,"['Males', 'Family members']",[],[],"['Jim Halpert', 'Pete Halpert', 'Betsy Halpert', 'Gerald Halpert', 'Jim Halpert', 'Pete Halpert', 'Pam Beesly']",Tom_Halpert.jpg
Tom Witochkin,,['Males'],[],[],[],Tom_Witochkin.png
Tony Gardner,,"['Dunder Mifflin employees', 'Former employees', 'Actors of Threat Level Midnight', 'Males']",['Fired by Michael while attempting to quit'],['Dunder Mifflin Scranton'],"['Toby Flenderson', 'Michael Scott', 'Pam Beesly']",Tony_Gardner.jpg
Tracy Fleeb,,['Unnamed'],[],[],"['Pam Beesly', 'Robert Lipton']",Tracy_Fleeb.jpg
Trevor Bortmen,,['Males'],[],[],"['Dwight Schrute', 'Angela Martin', 'Oscar Martinez']",Trevor_Bortmen.jpg
Troy Underbridge,,"['Males', 'Dunder Mifflin employees', 'Actors of Threat Level Midnight']",[],[],"['Ryan Howard', 'Dwight Schrute']",Troy_Underbridge.jpg
Uncle Al,,[],[],[],"['Phyllis Vance', 'Bob Vance']",Uncle_Al.jpeg
Unnamed Cousin,,['Females'],[],[],[],Unnamed_Cousin.jpg
Unnamed Warehouse Workers,Background employees,['Warehouse worker'],[],[],[],Unnamed_Warehouse_Workers.jpg
Urkel Grue,,"['Characters of Michael Scott', 'Females']",[],[],"['Michael Scott', 'Michael Scott', 'Jan Levinson']",Urkel_Grue.png
Val Johnson,,"['Dunder Mifflin employees', 'Warehouse worker', 'Females']",['Warehouse Foreman'],['Dunder Mifflin Scranton'],"['Darryl Philbin', 'Brandon', 'Brandon', 'Andy Bernard', 'Erin Hannon', 'Brandon', 'Kevin Malone', 'Nellie Bertram']",Val_Johnson.png
Vikram,,['Males'],[],[],"['Michael Scott', 'Michael Scott', 'Pam Beesly']",Vikram.jpg
W.B. Jones,,['Males'],[],[],"['Kevin Malone', 'Andy Bernard']",W.B._Jones.jpg
Wally Amos,,[],[],[],[],Wally_Amos.jpg
Walter Bernard Jr.,,"['Males', 'Family members']",[],[],"['Andy Bernard', 'Walter Bernard Sr.', 'Ellen Bernard', 'Andy Bernard', 'Jim Halpert']",Walter_Bernard_Jr..jpg
Wesley Silver,,['Males'],[],[],"['Robert Lipton', 'Robert Lipton']",Wesley_Silver.jpg
William Beesly,,"['Males', 'Family members']",[],[],"['Helene Beesly', 'Pam Beesly', 'Penny Beesly', 'Pam Beesly', 'Jim Halpert']",William_Beesly.jpg
William M. Buttlicker,,"['Unseen Characters', 'Males']",[],[],"['Jim Halpert', 'Dwight Schrute', 'Michael Scott']",William_M._Buttlicker.png
