,Season,Episode,EpisodeTitle,IMDBRating,TotalVotes,AirDate,Description,Viewership,GuestStars,Director,Writers,Number of Guest Stars
0,1,1,Pilot,7.4,7115,24 Mar 2005,"The premiere episode introduces the boss and staff of the Dunder-Mifflin Paper Company in Scranton, Pennsylvania in a documentary about the workplace.",11.2,,Ken Kwapis,Ricky Gervais |Stephen Merchant and Greg Daniels,1
1,1,2,Diversity Day,8.3,7008,16 Mar 2005,"Michael's off color remark puts a sensitivity trainer in the office for a presentation, which prompts Michael to create his own.",6.0,,Ken Kwapis,B. J. Novak,1
2,1,3,Health Care,7.7,5843,5 Apr 2005,"Michael leaves Dwight in charge of picking the new healthcare plan for the staff, with disastrous results ahead.",5.8,,Ken Whittingham,Paul Lieberstein,1
3,1,4,The Alliance,8.0,5657,12 Apr 2005,"Just for a laugh, Jim agrees to an alliance with Dwight regarding the downsizing rumors.",5.4,,Bryan Gordon,Michael Schur,1
4,1,5,Basketball,8.4,6281,19 Apr 2005,Michael and his staff challenge the warehouse workers to a basketball game with a bet looming over both parties.,5.0,,Greg Daniels,Greg Daniels,1
5,1,6,Hot Girl,7.7,5578,26 Apr 2005,Michael is just one of the many male staff who start vying for the attention of an attractive saleswoman in the office.,4.8,Amy Adams,Amy Heckerling,Mindy Kaling,1
6,2,1,The Dundies,8.7,6287,20 Sep 2005,"Very much unlike his staff, an overeager Michael can't wait for this year's annual Dundies awards.",9.0,,Greg Daniels,Mindy Kaling,1
7,2,2,Sexual Harassment,8.2,5387,27 Sep 2005,The office reviews its sexual harassment policy in light of explicit e-mails.,7.13,,Ken Kwapis,B. J. Novak,1
8,2,3,Office Olympics,8.3,5332,4 Oct 2005,"Ready to finalize his deal for a new condo, Michael is away with Dwight while Jim rallies the staff together for office games.",8.3,Nancy Carell,Paul Feig,Michael Schur,1
9,2,4,The Fire,8.3,5267,11 Oct 2005,A fire in the kitchen relegates the staff to the parking lot as help is on its way.,7.6,Amy Adams,Ken Kwapis,B. J. Novak,1
10,2,5,Halloween,8.1,4936,18 Oct 2005,"Michael is pressured by corporate to fire someone, which puts a damper on the office Halloween party.",8.0,,Paul Feig,Greg Daniels,1
11,2,6,The Fight,8.1,4944,1 Nov 2005,Jim rallies the staff together to witness a showdown between Michael and Dwight at Dwight's martial arts school.,7.9,,Ken Kwapis,Gene Stupnitsky | Lee Eisenberg,1
12,2,7,The Client,8.6,5210,8 Nov 2005,"With Michael and Jan Levinson-Gould away from the office to land a new client, the staff discovers an unproduced screenplay in Michael's office.",7.5,Tim Meadows,Greg Daniels,Paul Lieberstein,1
13,2,8,Performance Review,8.1,4701,15 Nov 2005,"Instead of talking to his employees about their work, Michael uses their annual review time to gather feedback on his ""relationship"" with Jan.",8.0,,Paul Feig,Larry Wilmore,1
14,2,9,E-Mail Surveillance,8.4,4836,22 Nov 2005,"Michael decides to set up e-mail surveillance for all company e-mail, and discovers that Jim has invited everyone over for a barbeque except him.",8.1,Ken Jeong,Paul Feig,Jennifer Celotta,1
15,2,10,Christmas Party,8.9,5364,6 Dec 2005,"Seeing the party is headed for disastrous boredom, Michael breaks corporate policy to buy alcohol for the staff.",9.7,,Charles McDougall,Michael Schur,1
16,2,11,Booze Cruise,8.6,5167,5 Jan 2006,"The Dunder Mifflin staff go on a mandatory ""booze cruise"" to hear Michael give a motivational talk.",8.7,Rob Riggle,Ken Kwapis,Greg Daniels,1
17,2,12,The Injury,9.1,6220,12 Jan 2006,"Michael's ""injury"" from a George Foreman Grill distracts the staff from Dwight, the one with the real injury.",10.3,,Bryan Gordon,Mindy Kaling,1
18,2,13,The Secret,8.2,4587,19 Jan 2006,"Jim fears the secret he told to Michael, in confidence, will be revealed to the staff.",8.7,,Dennie Gordon,Lee Eisenberg | Gene Stupnitsky,1
19,2,14,The Carpet,7.8,4532,26 Jan 2006,Michael's office becomes the victim of an odorous prank which subjects the office to his punishment.,8.6,,Victor Nelli Jr.,Paul Lieberstein,1
20,2,15,Boys and Girls,8.1,4500,2 Feb 2006,"Jan comes into the Scranton Branch to give all the female employees a group seminar on women in the workplace. Upset that he is not allowed in on the proceedings, Michael takes all the men of Dunder Mifflin down into the warehouse for some ""guy time"" with the warehouse workers. Pam is offered a chance to pursue her dreams of drawing and Roy confronts Jim about his feelings for Pam.",5.42,,See full summary,B. J. Novak,1
21,2,16,Valentine's Day,8.3,4520,9 Feb 2006,"When Michael visits Dunder Mifflin corporate headquarters in New York on Valentine's Day, he and Jan are both in for a surprise. Meanwhile, back in Scranton, the office staff celebrates Valentine's Day grade school style.",8.95,Conan O'Brien,Greg Daniels,Michael Schur,1
22,2,17,Dwight's Speech,8.4,4804,2 Mar 2006,Michael coaches pompous Dwight on the finer art of public speaking after being named as Salesman of the Year.,8.4,,Charles McDougall,Paul Lieberstein,1
23,2,18,Take Your Daughter to Work Day,8.3,4655,16 Mar 2006,"A routine office day is changed when children come to Dunder Mifflin for ""Take Your Daughter to Work Day."" Michael is surprised when he strikes up a friendship with the five-year old daughter of his sworn enemy, Toby. Pam is desperate to befriend her colleagues' offspring and a misunderstanding puts Ryan under Stanley's thumb.",8.8,,See full summary,Mindy Kaling,1
24,2,19,Michael's Birthday,8.1,4494,30 Mar 2006,"In celebration of his birthday, Michael makes a mandatory invite of the staff during the workday to go ice skating.",7.8,,Ken Whittingham,Gene Stupnitsky | Lee Eisenberg,1
25,2,20,Drug Testing,8.4,4591,27 Apr 2006,Dwight plays the role of Volunteer Sheriff after finding half a joint in the Dunder Mifflin parking lot leading to an investigation. Pam gives Jim a play challenge which he tries to complete.,7.8,,Greg Daniels,Jennifer Celotta,1
26,2,21,Conflict Resolution,8.7,4699,4 May 2006,"When Michael takes over conflict resolution duties from HR, chaos ensues at Dunder Mifflin.",7.4,,Charles McDougall,Greg Daniels,1
27,2,22,Casino Night,9.4,6789,11 May 2006,The Dunder Mifflin crew holds a casino party at the warehouse and Michael has two dates.,7.6,,Ken Kwapis,Steve Carell,1
28,3,1,Gay Witch Hunt,9.0,6038,21 Sep 2006,"Michael apologizes to Oscar, after he finds out he's gay, for calling him a homosexual slur--but his apology outs Oscar to the entire office. And Jim decides to take a promotion at the Stamford office.",9.11,,Ken Kwapis,Greg Daniels,1
29,3,2,The Convention,8.2,4406,28 Sep 2006,"Michael and Dwight go to a convention in Philadelphia and run into Jim, and Michael becomes jealous of Jim's relationship with his new boss. Meanwhile, Pam gets ready for her first date since her engagement.",7.78,Jerome Bettis,Ken Whittingham,Gene Stupnitsky | Lee Eisenberg,1
30,3,3,The Coup,8.5,4621,5 Oct 2006,"Michael is in trouble once again as Jan busts him for declaring it's ""Movie Monday"" where everyone watches a movie and neglects work. Angela pushes Dwight to make a move on Michael's job while Pam and Jim find creative ways to waste time.",8.89,,Greg Daniels,Paul Lieberstein,1
31,3,4,Grief Counseling,8.0,4425,12 Oct 2006,Michael takes on the role of office grief counselor when he learns that his old boss has died.,8.83,,Roger Nygard,Jennifer Celotta,1
32,3,5,Initiation,8.1,4305,19 Oct 2006,Dwight takes former temp Ryan to his beet farm to initiate Ryan to his new job at Dunder Mifflin.,8.46,,Randall Einhorn,B. J. Novak,1
33,3,6,Diwali,7.9,4507,2 Nov 2006,"Michael encourages the entire Scranton branch to support Kelly and attend a local celebration of Diwali, the Hindu Festival of Lights. Meanwhile, Andy convinces Jim to turn a late night of work into a drinking game.",8.81,,Miguel Arteta,Mindy Kaling,1
34,3,7,Branch Closing,8.6,4432,9 Nov 2006,"When Jan tells Michael that the Scranton Branch will be shutting down, Michael strives to keep his staff's spirits up. Meanwhile, everyone privately begins to envision how their lives will change in the aftermath.",8.05,,Tucker Gates,Michael Schur,1
35,3,8,The Merger,8.7,4624,16 Nov 2006,Jan informs Michael that the Scanton branch of Dunder Mifflin will be merging with the Stamford Branch. Jim and Pam are reunited while the other employees of both branches must adjust to their new co-workers.,8.63,,Ken Whittingham,Brent Forrester,1
36,3,9,The Convict,8.3,4629,30 Nov 2006,"Michael learns that one of the new employees at Dunder Mifflin Scranton has a criminal record. Meanwhile, Jim helps Andy make a move on Pam.",9.07,,Jeffrey Blitz,Ricky Gervais | Stephen Merchant,1
37,3,10,A Benihana Christmas,8.8,4875,14 Dec 2006,"Trouble among the members of the party planning committee results with Pam and Karen hosting a rival Christmas party, but Michael isn't interested in celebrating after being dumped by Carol.",8.44,,Harold Ramis,Jennifer Celotta,1
38,3,11,Back from Vacation,8.6,4399,4 Jan 2007,"Michael isn't supposed to let anyone know that he and Jan went on vacation together in Jamaica, but he accidentally circulates a compromising photo of them to the office via e-mail.",8.8,,Julian Farino,Justin Spitzer,1
39,3,12,Traveling Salesmen,8.6,4438,11 Jan 2007,"Dwight does a favor for Angela to keep her from getting in trouble. Andy finds out and uses it against him to get in tighter with Michael. Now Dwight must fess up, which will reveal his relationship with Angela, or risk getting fired.",10.12,,Greg Daniels,Michael Schur | Lee Eisenberg | Gene Stupnitsky,1
40,3,13,The Return,8.8,4664,18 Jan 2007,"Andy does the impossible--he makes everyone in the office miss Dwight, who is forced to take a job at Staples. Meanwhile, Oscar comes back to the office and Michael predictably throws a stereotypical Mexican party to celebrate.",10.2,,Greg Daniels,Lee Eisenberg | Gene Stupnitsky | Michael Schur,1
41,3,14,Ben Franklin,8.0,4311,1 Feb 2007,"Michael asks Jim to get a male stripper for Phyllis's office bachelorette party, but he gets a Ben Franklin impersonator instead. Meanwhile, the men's bachelor party goes as planned until Michael becomes uncomfortable with the stripper.",10.11,,Randall Einhorn,Mindy Kaling,1
42,3,15,Phyllis' Wedding,8.2,4368,8 Feb 2007,"Michael exaggerates the importance of his small role in Phyllis's wedding and makes an ass out of himself, and Pam notices that Phyllis stole all of her wedding ideas from her original wedding plans.",8.84,,Ken Whittingham,Caroline Williams,1
43,3,16,Business School,8.9,5080,15 Feb 2007,"Michael is a guest speaker for Ryan's business class, but they have a falling-out after Michael finds out that Ryan spoke negatively about Dunder-Mifflin. And back at the office, Dwight tries to kill a bat that he found in the ceiling.",8.84,,Joss Whedon,Brent Forrester,1
44,3,17,Cocktails,8.4,4314,22 Feb 2007,"While Michael and Jan go to their first Dunder Mifflin outing as an official couple, the office workers left behind go out for happy hour. During happy hour, Roy finds out that Jim and Pam kissed at Casino Night.",8.3,,J.J. Abrams,Paul Lieberstein,1
45,3,18,The Negotiation,9.0,4919,5 Apr 2007,"Dwight saves Jim from an attack by Roy, but Dwight won't allow Jim to thank him for it. Meanwhile, Darryl asks Michael for a pay raise, and Michael discovers that he is woefully underpaid--so Michael goes to headquarters to ask for one himself.",6.74,,Jeffrey Blitz,Michael Schur,1
46,3,19,Safety Training,8.8,4583,12 Apr 2007,"Andy returns to the office after weeks of anger management training, determined to make a fresh start with all the Dunder-Mifflin employees. Meanwhile, it's safety training day in the office, and Michael and Dwight are on a mission to illuminate the dangers of the workplace.",7.71,,Harold Ramis,B. J. Novak,1
47,3,20,Product Recall,8.7,4519,26 Apr 2007,"Michael tries to be proactive during a watermark crisis, but only makes the situation worse. Meanwhile, Angela has trouble being apologetic with customers, and Andy discovers a secret about his new girlfriend.",7.56,,Randall Einhorn,Justin Spitzer | Brent Forrester,1
48,3,21,Women's Appreciation,8.8,4586,3 May 2007,"Phyllis gets flashed in the parking lot, and Dwight goes all out to secure the premises. Michael ostensibly takes the women in the office to the mall to comfort them, but he's really doing it to get advice about breaking up with Jan.",7.0,,Tucker Gates,Gene Stupnitsky | Lee Eisenberg,1
49,3,22,Beach Games,9.2,5289,10 May 2007,"Michael uses ""beach day"" at Dunder-Mifflin to find out which employee would be his most capable replacement, just in case he receives the promotion to the New York office that he's applied for.",7.2,,Harold Ramis,Jennifer Celotta | Greg Daniels,1
50,3,23,The Job,9.3,5575,17 May 2007,"Michael appoints Dwight as regional manager, anticipating that he will receive the job at corporate. Jim and Karen also interview for the same position. And Michael gets back together with Jan after she gets a boob job.",7.88,,Ken Kwapis,Paul Lieberstein | Michael Schur,1
51,4,1,Fun Run,8.8,5140,27 Sep 2007,"Michael accidentally runs over Meridith in the parking lot, and his guilt causes him to organize a 5-K run for her. Dwight and Angela have a falling-out after he kills her cat, and Jim and Pam's relationship is discovered.",9.7,,Greg Daniels,Greg Daniels,1
52,4,2,Dunder Mifflin Infinity,8.3,4231,4 Oct 2007,"Michael feels threatened when Ryan returns to the Scranton office to share his ideas about the future of Dunder Mifflin. Jim and Pam's relationship is shared with the entire office, while Angela and Dwight's relationship is on the rocks.",8.49,,Craig Zisk,Michael Schur,1
53,4,3,Launch Party,8.4,4120,11 Oct 2007,"The Dunder Mifflin Infinity website is launching and Michael is excited about going to the big launch party in New York while Angela plans a satellite party for the Scranton branch. Meanwhile, Dwight competes against the website to see who can sell the most paper in one day.",8.91,Kevin McHale,See full summary,Jennifer Celotta,1
54,4,4,Money,8.7,4444,18 Oct 2007,"As Jan renovates the condo, Michael confronts his growing debt every way he can, which includes pressuring his employees for a loan. Pam and Jim spend a night out on Dwight's family beet farm, now a bed and breakfast.",8.5,,Paul Lieberstein,Paul Lieberstein,1
55,4,5,Local Ad,8.8,4556,25 Oct 2007,"Michael tries to make a local Dunder Mifflin commercial that is better than the one the professional ad agency made for them. Meanwhile, Andy tries to confide in Dwight about his new relationship with Angela.",8.98,,Jason Reitman,B. J. Novak,1
56,4,6,Branch Wars,8.5,4211,1 Nov 2007,"Michael and Dwight try to play a prank on Karen, who is now manager of the Utica branch, after she tries to steal Stanley from the Scranton office. Meanwhile, Pam, Toby, and Oscar start their own exclusive office book club.",8.39,,Joss Whedon,Mindy Kaling,1
57,4,7,Survivor Man,8.2,4050,8 Nov 2007,"After Michael isn't invited to a camping trip with Ryan, he sets out to prove that he can brave it out in the wilderness by himself. Jim, who is in charge of the office while Michael is gone, tries to change the birthday party policy.",8.29,,Paul Feig,Steve Carell,1
58,4,8,The Deposition,8.7,4309,15 Nov 2007,"Michael is put in an awkward position when Jan sues Dunder Mifflin for wrongful termination and he is deposed as a witness. Meanwhile, Kelly begins smack-talking Pam after Darryl beats Jim at Ping-Pong.",8.86,,Julian Farino,Lester Lewis,1
59,4,9,Dinner Party,9.5,8349,10 Apr 2008,"Michael invites Jim and Pam and Andy and Angela to a couples-only dinner party, which makes Dwight very jealous. However, the only thing he's missing is a ringside seat to witness Michael and Jan's extremely dysfunctional home life.",9.22,,Paul Feig,Gene Stupnitsky | Lee Eisenberg,1
60,4,10,Chair Model,8.0,3974,17 Apr 2008,"Kevin and Andy team up to reclaim the stolen Dunder Mifflin parking spaces, which forces them into a showdown with the other four bosses of the office park. Meanwhile, Michael becomes fascinated by a woman modeling chairs in a catalog.",9.81,,Jeffrey Blitz,B. J. Novak,1
61,4,11,Night Out,8.6,4138,24 Apr 2008,"Michael and Dwight go to New York to party with Ryan, who is having lots of personal and professional problems. The rest of the office employees work late, and wind up getting locked in the business park.",7.56,,Ken Whittingham,Mindy Kaling,1
62,4,12,Did I Stutter?,8.3,3973,1 May 2008,"Michael tries to figure out how to respond to Stanley's insubordination during a meeting, and Dwight buys Andy's vehicle and immediately flips it for more money.",7.67,,Randall Einhorn,Brent Forrester | Justin Spitzer,1
63,4,13,Job Fair,7.7,3801,8 May 2008,"Dunder Mifflin participates in a high school job fair, but few students are interested. Jim, Andy, and Kevin play a round of golf with a prospective client. Back at the office, everyone but Dwight and Angela leave for the day.",7.22,,Tucker Gates,Lee Eisenberg | Gene Stupnitsky,1
64,4,14,"Goodbye, Toby",9.4,5666,15 May 2008,"Michael throws an extravagant going-away party for Toby, and falls in love with the woman who is replacing him. Jim plans to propose to Pam at the party, but gets out-staged. Back at corporate, Ryan is arrested for fraud.",8.07,,Paul Feig,Jennifer Celotta | Paul Lieberstein,1
65,5,1,Weight Loss,8.8,4665,25 Sep 2008,"Michael tries to motivate the Scranton branch to lose weight as part of an interoffice competition. Jim is lost after Pam leaves for art school in New York, and Angela continues to see Dwight even though she is now engaged to Andy.",9.2,,Paul Feig,Lee Eisenberg | Gene Stupnitsky,1
66,5,2,Business Ethics,8.2,3822,9 Oct 2008,A confession at an H.R. business ethics seminar leads to a dispute between Michael and Holly over whether Meredith should be fired. Dwight tries to prove to Jim how long he can go without taking a personal break.,8.99,Wendi McLendon-Covey,Jeffrey Blitz,Ryan Koh,1
67,5,3,Baby Shower,8.0,3813,16 Oct 2008,"After planning an office baby shower for Jan, Michael is upset when he finds out that she had the baby without him--even though he's already been told that he's not the baby's father.",8.07,,Greg Daniels,Aaron Shure,1
68,5,4,Crime Aid,8.1,3667,23 Oct 2008,"Michael and Holly have sex for the first time, and Michael holds a fundraiser for the office after it is burglarized. Dwight confides in Phyllis after Andy and Angela set a wedding date, and Jim runs into Pam's ex-fiancÃ©, Roy.",7.74,,Jennifer Celotta,Charlie Grandy,1
69,5,5,Employee Transfer,8.0,3769,30 Oct 2008,Holly is transferred back to New Hampshire after corporate discovers that she and Michael are dating. Dwight tries to apply to Cornell to get under Andy's skin. Jim's brothers and Pam decide to play a trick on Jim when they meet for lunch.,9.32,,David Rogers,Anthony Q. Farrell,1
70,5,6,Customer Survey,8.5,3938,6 Nov 2008,"Dwight and Jim believe that something is suspicious about their low customer performance ratings. After consulting with Angela, Andy finds the perfect site for their wedding--Dwight's beet farm.",8.35,,Stephen Merchant,Lester Lewis,1
71,5,7,Business Trip,8.2,3670,13 Nov 2008,"David Wallace sends Michael on a business trip to Winnipeg to help him forget about Holly's transfer to Nashua, and Pam tells Jim that she failed a class and has to stay in New York City.",8.18,,Randall Einhorn,Brent Forrester,1
72,5,8,Frame Toby,8.6,4096,20 Nov 2008,"When Michael discovers that corporate has brought back Toby to replace Holly, he tries to frame him with drugs and to get him fired. Meanwhile, Pam has issues with the disgusting microwave. Finally, Jim surprises Pam by buying his parents' house.",8.4,,See full summary,Mindy Kaling,1
73,5,9,The Surplus,8.7,4063,4 Dec 2008,"Michael has to spend the office surplus by they end of the day, but he can't decide between a copier or new chairs. Dwight plays a dirty trick on Angela as they prepare for Andy and Angela's wedding on the beet farm.",8.33,,Paul Feig,Gene Stupnitsky | Lee Eisenberg,1
74,5,10,Moroccan Christmas,8.3,3802,11 Dec 2008,"Phyllis blackmails Angela into doing the work for the Christmas party, which Michael turns into an intervention after Meredith gets drunk and sets her hair on fire. Meanwhile, Dwight corners the market on a popular Christmas gift.",8.79,,Paul Feig,Justin Spitzer,1
75,5,11,The Duel,8.7,3966,15 Jan 2009,"Moments before he leaves for New York for a meeting with David Wallace, Michael tells Andy that Angela and Dwight are seeing each other. Andy and Dwight then decide to have it out in the parking lot.",8.5,,Dean Holland,Jennifer Celotta,1
76,5,12,Prince Family Paper,8.0,3823,22 Jan 2009,"Michael's conscience gets the best of him after he and Dwight go undercover to scout a family-run competitor. Back at the office, everyone else spends the day debating whether Hilary Swank is hot.",8.74,,Asaad Kelada,B. J. Novak,1
77,5,13,Stress Relief,9.7,12085,1 Feb 2009,"Dwight's too-realistic fire alarm gives Stanley a heart attack. When he returns, Michael learns that he is the cause of Stanley's stress. To remedy the situation, he forces the office to throw a roast for him.",22.91,"Cloris Leachman, Jack Black, Jessica Alba",Jeffrey Blitz,Paul Lieberstein,3
78,5,14,Lecture Circuit: Part 1,8.2,3644,5 Feb 2009,"While on lecture tour to other Dunder Mifflin branches, Michael and Pam discover that Jim's ex-girlfriend Karen is pregnant. At the office, Andy falls for a prospective client, and Jim and Dwight try to set up Kelly's birthday party.",8.39,,Ken Kwapis,Mindy Kaling,1
79,5,15,Lecture Circuit: Part 2,8.1,3602,12 Feb 2009,"Michael and Pam go to Nashua and discover that Holly has a new boyfriend. At the office, Jim and Dwight try to come up with a theme for Kelly's birthday party, and Angela gets a new cat.",8.89,,Ken Kwapis,Mindy Kaling,1
80,5,16,Blood Drive,8.0,3607,5 Mar 2009,"Michael holds a lonely hearts party on Valentine's Day at the office, hoping that he will run into a woman he met earlier that day at a blood drive. Meanwhile, Jim and Pam have an awkward lunch with Phillis and Bob Vance.",8.63,,Randall Einhorn,Brent Forrester,1
81,5,17,Golden Ticket,8.7,3928,12 Mar 2009,"Michael asks Dwight to be the scapegoat for one of his business ideas that backfired badly on him. But when that idea has an unexpected positive upside, Dwight still takes credit and Michael becomes furious.",7.51,,Randall Einhorn,Mindy Kaling,1
82,5,18,New Boss,8.3,3671,19 Mar 2009,"Michael gets upset when he gets a new boss to act as a buffer between him and David Wallace, and he gets even more upset when he disbands the Party Planning Committee and cancels Michael's fifteenth anniversary party.",7.95,Idris Elba,Paul Feig,Lee Eisenberg | Gene Stupnitsky,1
83,5,19,Two Weeks,8.4,3653,26 Mar 2009,"As Michael prepares to leave Dunder Mifflin, he announces that he will form his own paper company. Will anybody join him?",8.45,,Paul Lieberstein,Aaron Shure,1
84,5,20,Dream Team,8.3,3640,9 Apr 2009,Michael and Pam begin their first day as the Michael Scott Paper Company putting together the rest of the staff and trying to raise money.,7.2,,Paul Feig,B. J. Novak,1
85,5,21,Michael Scott Paper Company,8.7,4005,9 Apr 2009,"Tension and disillusionment begin to emerge as Michael, Pam, and Ryan move the Michael Scott Paper Company into a cramped ""workspace"" at the business park.",7.94,,Gene Stupnitsky,Justin Spitzer,1
86,5,22,Heavy Competition,8.7,3763,16 Apr 2009,"Dwight chooses loyalty to Dunder Mifflin over loyalty to Michael, which leads to a bitter battle between Michael and Dwight over Dwight's accounts. Back at Dunder Mifflin, Jim pretends to confide in Andy.",8.24,,Ken Whittingham,Ryan Koh,1
87,5,23,Broke,9.3,5074,23 Apr 2009,"The Michael Scott Paper Company is gaining clients by offering lower prices than Dunder Mifflin, but is going broke in the process. However, Dunder Mifflin is losing clients to Michael, and is desperate to buy him out.",7.21,,Steve Carell,Charlie Grandy,1
88,5,24,Casual Friday,8.3,3605,30 Apr 2009,"Michael returns to Dunder Mifflin and brings Ryan and Pam in as salespeople, but the existing salespeople demand that Michael return the clients they stole back to them. Meanwhile, some employees take the idea of Casual Friday too far.",7.31,,Brent Forrester,Anthony Q. Farrell,1
89,5,25,Cafe Disco,8.8,4232,7 May 2009,"Michael tries to create a place to escape from work in the storage room that used to house the Michael Scott Paper Company, while Jim and Pam consider taking off and getting married that day.",7.71,,Randall Einhorn,Warren Lieberstein | Halsted Sullivan,1
90,5,26,Company Picnic,9.0,4310,14 May 2009,"Michael runs into Holly at the company picnic, and the two of them accidentally reveal that the Buffalo branch is closing during a comedy skit before corporate has made the announcement.",6.72,,Ken Kwapis,Jennifer Celotta | Paul Lieberstein,1
91,6,1,Gossip,8.8,4248,17 Sep 2009,"Michael regrets revealing that Stanley is having an affair, so he spreads a bunch of lies about everyone else to cover his tracks--except that one of the lies that he spread actually turns out to be true.",8.2,,Paul Lieberstein,Paul Lieberstein,1
92,6,2,The Meeting,8.1,3448,24 Sep 2009,"Michael sabotages--then promotes--Jim's efforts at getting a promotion, while Dwight and Toby try to prove that Darryl has submitted a fraudulent medical claim.",7.33,,Randall Einhorn,Aaron Shure,1
93,6,3,The Promotion,8.0,3437,1 Oct 2009,Jim discovers just how hard being the boss can be when David Wallace forces Michael and him to determine which employees will be getting a raise.,7.28,,Jennifer Celotta,Jennifer Celotta,1
94,6,4,Niagara: Part 1,9.4,6346,8 Oct 2009,"The Office travels to Niagara Falls to celebrate Jim and Pam's wedding under strict orders not to mention Pam's pregnancy. Michael, Dwight, and Andy all want to hook up with guests at the wedding and Michael and Dwight meet twins.",9.42,,Paul Feig,Greg Daniels | Mindy Kaling,1
95,6,5,Niagara: Part 2,9.5,5211,8 Oct 2009,"Pam is forced to deal with an embarrassing injury for Andy the night before her wedding, while Kevin deals with the loss of his dress shoes on the morning of the ceremony.",9.42,,Paul Feig,Greg Daniels | Mindy Kaling,1
96,6,6,Mafia,7.6,3629,15 Oct 2009,Michael meets with an insurance salesman that visits the office and is later convinced by Dwight and Andy that he is part of the mafia.,8.1,Mike Starr,David Rogers,Brent Forrester,1
97,6,7,The Lover,8.6,3812,22 Oct 2009,"Jim and Pam return from their honeymoon and learn, to their horror, that Michael is dating Pam's mom. Meanwhile, Dwight gives Jim a ""gift""--which actually has a listening device attached to it.",8.52,,Lee Eisenberg,Lee Eisenberg | Gene Stupnitsky,1
98,6,8,Koi Pond,8.1,3448,29 Oct 2009,"Michael is upset when he becomes the butt of all the office jokes after he falls in a koi pond. Andy and Pam go out together on some cold calls, and everybody mistakes them as a married couple.",8.2,,Reginald Hudlin,Warren Lieberstein | Halsted Sullivan,1
99,6,9,Double Date,8.1,3409,5 Nov 2009,"Michael sparks more anger from Pam when he breaks up with her mom on her birthday after he finds out she's 58, and Dwight unsuccessfully tries to get everyone in the office to owe him a favor.",7.94,,Seth Gordon,Charlie Grandy,1
100,6,10,Murder,8.7,4144,12 Nov 2009,"The entire office is preoccupied about rumors of Dunder Mifflin's bankruptcy. Michael tries to create a distraction by engaging everyone in murder-mystery game, but Jim wonders if that is a good idea.",7.76,,Greg Daniels,Daniel Chun,1
101,6,11,Shareholder Meeting,8.2,3445,19 Nov 2009,"Michael speaks out of line at the Dunder Mifflin shareholders meeting and creates a big problem for management, while Jim discovers that nobody in the office thinks he's the ""real"" boss.",7.43,,Charles McDougall,Justin Spitzer,1
102,6,12,Scott's Tots,8.3,3974,3 Dec 2009,"Ten years ago, Michael promised a group of third graders he would pay for their college tuition if they graduated. Now comes time to pay, and he can't do it. At the office, Dwight's employee of the month idea gets Jim in big trouble.",8.1,,B.J. Novak,Gene Stupnitsky | Lee Eisenberg,1
103,6,13,Secret Santa,8.5,3635,10 Dec 2009,"Michael gets upset when Jim promises Phyllis that she can be the office Santa, but the office Christmas party may be overshadowed by some bad news from David Wallace.",8.51,,Randall Einhorn,Mindy Kaling,1
104,6,14,The Banker,6.8,4442,21 Jan 2010,A banker representing a potential buyer comes to the Scranton branch to interview the H.R. department before the sale goes through.,7.29,,Jeffrey Blitz,Jason Kessler,1
105,6,15,Sabre,7.6,3315,4 Feb 2010,"Michael hates the changes that Dunder Mifflin's new owner is implementing, so he turns to David Wallace for advice. Jim and Pam find the perfect day care center, but Jim's mistake threatens to ruin the interview.",7.36,Christian Slater,John Krasinski,Jennifer Celotta,1
106,6,16,Manager and Salesman,8.0,3270,11 Feb 2010,"Sabre's CEO wants the Scranton branch to have one manager, and Michael voluntarily steps down and lets Jim become the boss when he finds out that salespeople make more money. However, he soon comes to regret the decision.",7.4,,Marc Webb,Mindy Kaling,1
107,6,17,The Delivery: Part 1,8.4,3493,4 Mar 2010,"Pam goes into labor and Jim is ready to take her to the hospital, but she refuses to go. Meanwhile, inspired by Pam and Jim's baby, Dwight and Angela try to reach a ""business agreement"" to have a baby of their own.",9.0,,Seth Gordon,Daniel Chun,1
108,6,18,The Delivery: Part 2,8.5,3500,4 Mar 2010,"After the baby is born, Pam has trouble getting the baby to breastfeed. At the office, Michael takes credit for hooking Jim and Pam up, and tries to do the same thing for Kevin and Erin, making Andy jealous.",9.0,Mellisa Rauch,Harold Ramis,Daniel Chun,1
109,6,19,St. Patrick's Day,7.6,3229,11 Mar 2010,"It's St. Patrick's Day, and the CEO forces the office to work late because she won't leave. In addition, Michael unsuccessfully tries to suck up to his new boss, and Andy and Erin's first date is delayed because Erin is sick.",7.51,,Randall Einhorn,Jonathan Hughes,1
110,6,20,New Leads,7.7,3206,18 Mar 2010,"When the sales staff begins trying to boss around everyone in the office, Michael tries to teach them a lesson by withholding a valuable set of sales leads.",7.63,,Brent Forrester,Brent Forrester,1
111,6,21,Happy Hour,8.6,3668,25 Mar 2010,"Oscar gets everybody in the office to go to Happy Hour so that he can hit on a coworker in shipping. Pam tries to set up Michael with a friend at the bar, but Michael's alter ego, ""Date Mike,"" threatens to spoil the entire evening.",7.17,,Matt Sohn,B. J. Novak,1
112,6,22,Secretary's Day,7.8,3211,22 Apr 2010,"Michael creates problems for Andy on Secretary's Day when he tells Erin that Andy was engaged to Angela, and Kevin is upset after Oscar makes a video comparing Kevin to Cookie Monster.",6.3,,Steve Carell,Mindy Kaling,1
113,6,23,Body Language,7.9,3228,29 Apr 2010,"Michael is hopeful that a potential client is interested in him, but everyone in the office except Pam thinks he's wasting his time. Meanwhile, Dwight recruits Kelly to apply for the Sabre minority management training program.",7.01,,Mindy Kaling,Justin Spitzer,1
114,6,24,The Cover-Up,8.1,3221,6 May 2010,"Michael becomes convinced that Donna is having an affair and puts Dwight on the case, but Pam soon discovers that the suspicions may be true. Meanwhile, Darryl gets revenge on Andy for an earlier incident.",6.84,,Rainn Wilson,Gene Stupnitsky | Lee Eisenberg,1
115,6,25,The Chump,7.7,3110,13 May 2010,"Michael continues to see Donna even after learning she's married and meeting her husband, Dwight and Angela take their baby contract to an arbitrator, and Jim and Pam struggle to stay awake at the office.",6.6,,Randall Einhorn,Aaron Shure,1
116,6,26,Whistleblower,8.0,3210,20 May 2010,"Jo comes to the Scranton branch to find the whistle-blower. However, three different people have confessed to Michael, Michael is protecting them, and the person most people think is the culprit is keeping his mouth shut.",6.6,,Paul Lieberstein,Warren Lieberstein | Halsted Sullivan,1
117,7,1,Nepotism,8.3,3678,23 Sep 2010,"Everybody demands that Michael fire the new office assistant, but he won't because he's his nephew. Meanwhile, Pam tries to play a prank on Dwight, who has bought the office building, to make up for ruining Jim's prank.",8.4,Evan Peters,Jeffrey Blitz,Daniel Chun,1
118,7,2,Counseling,8.2,3338,30 Sep 2010,"Michael is forced to go through counseling with Toby, Dwight seeks revenge on a local mall that refused his business, and Pam tries to fake her way to a promotion.",7.36,,Jeffrey Blitz,B. J. Novak,1
119,7,3,Andy's Play,8.2,3568,7 Oct 2010,"Andy invites the entire office to watch him in the community theater production of ""Sweeney Todd,"" but Erin decides to babysit for Jim and Pam instead, and Michael is upset because he auditioned for the lead and didn't get it.",6.95,,John Scott,Charlie Grandy,1
120,7,4,Sex Ed,7.8,3281,14 Oct 2010,"A herpes scare causes Michael to get back in touch with his ex-girlfriends, where he decides to reevaluate those relationships. Meanwhile, Andy tries to teach safe sex to his officemates, but he has a clear ulterior motive.",7.36,,Paul Lieberstein,Paul Lieberstein,1
121,7,5,The Sting,7.7,3200,21 Oct 2010,"Michael organizes a sting operation to find out the secrets of a rival paper company's salesman who is stealing Dunder Mifflin's clients, and Andy gets Darryl's help to form a band.",6.87,Timothy Olyphant,Randall Einhorn,Mindy Kaling,1
122,7,6,Costume Contest,8.1,3330,28 Oct 2010,"It's Halloween at Dunder Mifflin, and Michael is upset that Darryl went over his head with an idea, and Jim and Pam are obsessed with finding out why Danny didn't call Pam back when they were dating four years ago.",8.07,,Dean Holland,Justin Spitzer,1
123,7,7,Christening,7.4,3321,4 Nov 2010,"During Jim and Pam's daughter's christening, Michael becomes upset over the lack of family-like unity between himself and his employees. So he responds by impulsively joining a teenage church mission to Mexico.",7.65,,Alex Hardcastle,Peter Ocko,1
124,7,8,Viewing Party,7.8,3270,11 Nov 2010,"Michael sabotages Erin's ""Glee"" viewing party because of his contempt for Gabe, Jim and Pam discover that Dwight can keep their daughter from crying, and Andy has a bad reaction to a mixture of wine and a Japanese stimulant.",7.15,,Ken Whittingham,Jon Vitti,1
125,7,9,WUPHF.com,7.7,3169,18 Nov 2010,"Some co-workers who invested in Ryan's Internet venture want him to sell, but Michael refuses to go along. Meanwhile, Jim loses his motivation to work when he reaches his commission cap, and Dwight creates a hay festival in the parking lot.",7.28,,See full summary,Aaron Shure,1
126,7,10,China,8.2,3355,2 Dec 2010,"Pam stands up to Dwight when he makes cutbacks to save money in the building, but will Dwight have the last laugh? Meanwhile, the office is surprised and energized when Michael outsmarts Oscar in a debate about China.",7.31,,Charles McDougall,Halsted Sullivan | Warren Lieberstein,1
127,7,11,Classy Christmas,9.0,4258,9 Dec 2010,"Michael throws an elaborate Christmas party to celebrate Holly's temporary return to the Scranton branch, but is disappointed when he learns that she still has a boyfriend.",7.18,,Rainn Wilson,Mindy Kaling,1
128,7,12,Ultimatum,8.3,3383,20 Jan 2011,"Michael gets upset when Holly returns from the holidays without an engagement ring, but still together with her boyfriend. Meanwhile, Pam tries to help her co-workers keep with their New Year's resolutions.",8.26,,David Rogers,Carrie Kemper,1
129,7,13,The Seminar,7.6,3220,27 Jan 2011,"Andy tries to host a small business seminar at the office. Michael agrees to help by posing as a Greek entrepreneur, and tries to get Holly to play along.",7.93,Ricky Gervais,B.J. Novak,Steve Hely,1
130,7,14,The Search,8.5,3559,3 Feb 2011,"When Jim gets an emergency phone call from Helene, he is forced to leave Michael in the bathroom of a gas station. Meanwhile, Holly, Erin, and Dwight set out on a journey to find Michael. Back at the office, Pam's artwork starts a captioning contest that seems to offend Gabe.",7.29,"Will Arnett,  Ray Romano, Jim Carrey, Ricky Gervais",See full summary,Brent Forrester,4
131,7,15,PDA,8.4,3465,10 Feb 2011,"It's Valentine's Day, and the office is fed up with Michael and Holly's PDA, Andy helps Erin solve Gabe's riddles to find her gift, and Jim and Pam get drunk and try to find a place in the office to have sex.",6.9,,Greg Daniels,Robert Padnick,1
132,7,16,Threat Level Midnight,9.4,7367,17 Feb 2011,"Michael finally finishes his movie ""Threat Level Midnight"" and screens it for his employees at Dunder Mifflin, but Holly is less than enthusiastic for his finished product.",6.41,,Tucker Gates,B. J. Novak,1
133,7,17,Todd Packer,7.4,3163,24 Feb 2011,"Everyone is up in arms after Michael convinces Holly to give Todd Packer an office job, and Andy gets upset after Pam gets a new computer for reception but not for him.",6.12,,Randall Einhorn,Amelie Gillette,1
134,7,18,Garage Sale,9.4,5653,24 Mar 2011,"Michael plans to propose to Holly the day of the Dunder Mifflin garage sale, but Holly may have to take an extended leave of absence to Colorado because her father is sick.",7.07,,Steve Carell,Jon Vitti,1
135,7,19,Training Day,7.7,3277,14 Apr 2011,"Michael makes fast friends with the man coming in to replace him at Dunder Mifflin, but later begins to have second thoughts after seeing him in action.",7.87,Will Ferrell,Paul Lieberstein,Daniel Chun,1
136,7,20,Michael's Last Dundies,9.0,4646,21 Apr 2011,"Michael hosts his final ""Dundies"" as the boss at the Scranton branch, but tension is in the air, and Deangelo Vickers, the new boss, is having trouble with his co-hosting duties.",6.85,,Mindy Kaling,Mindy Kaling,1
137,7,21,"Goodbye, Michael",9.8,12442,28 Apr 2011,"As the office gets ready for Michael's final day at Dunder Mifflin, Michael doesn't tell anyone that he's leaving a day early. Meanwhile, Deangelo accompanies a nervous Andy on a visit to one of Michael's old clients.",8.42,,Paul Feig,Greg Daniels,1
138,7,22,The Inner Circle,7.5,3255,5 May 2011,"Tensions rise and feelings are hurt when Deangelo creates an ""inner circle"" at the office--which is only composed of men.",6.9,,Matt Sohn,Charlie Grandy,1
139,7,23,"Dwight K. Schrute, (Acting) Manager",8.7,3576,12 May 2011,"When Jim rejects Jo's offer, Dwight becomes acting manager at the Scranton branch, but an accident could cause his tenure to be short-lived.",6.45,,Troy Miller,Justin Spitzer,1
140,7,24,Search Committee,8.7,3772,19 May 2011,"The Scranton branch puts together a search committee to find the next boss, but the pool of interviewees proves to be less than impressive, and Dwight demands an interview in spite of his gun accident.",7.29,,Jeffrey Blitz,Paul Lieberstein,1
141,8,1,The List,8.1,3420,22 Sep 2011,"New Dunder Mifflin CEO Robert California leaves a piece of paper with a line down the middle that has names of the Scranton staff on either side of it, leading everyone to try and figure out what it means.",7.64,,B.J. Novak,B. J. Novak,1
142,8,2,The Incentive,8.1,3242,29 Sep 2011,"Under pressure from Robert to increase branch sales, Andy offers an incentive program to the sales staff, which backfires on him when he offers a very personal grand prize.",6.7,,Charles McDougall,Paul Lieberstein,1
143,8,3,Lotto,7.2,3092,6 Oct 2011,"After the entire warehouse staff wins the lottery and quits their job, Darryl becomes depressed and demands to be fired. Meanwhile, the office staff is forced to load the truck for their orders themselves.",5.82,,John Krasinski,Charlie Grandy,1
144,8,4,Garden Party,8.1,3393,13 Oct 2011,"Andy claims to be throwing a garden party at Dwight's farm to impress Robert California, but he's really doing it to win the approval of his parents, who appear to favor his younger brother.",6.08,"Josh Groban, Stephen Collins",David Rogers,Justin Spitzer,2
145,8,5,Spooked,7.5,3036,27 Oct 2011,"Erin is worried that she is about to get fired after she organizes a disastrous office Halloween party for Robert and his son. Meanwhile, Robert probes the minds of the employees to come up with the perfect spooky story.",5.53,,Randall Einhorn,Carrie Kemper,1
146,8,6,Doomsday,7.6,2919,3 Nov 2011,"Dwight installs a ""Doomsday Device"" on the office computers that could get everyone fired if they make too many mistakes, while Gabe tries to hit on one of Darryl's warehouse employees.",6.15,,Troy Miller,Daniel Chun,1
147,8,7,Pam's Replacement,7.7,3126,10 Nov 2011,"A pregnant and insecure Pam tries to prove that Jim is attracted to her temp replacement, and Robert and his musician friends take over a jam session with Andy, Kevin, and Darryl.",5.96,,Matt Sohn,Allison Silverman,1
148,8,8,Gettysburg,6.8,3144,17 Nov 2011,Andy decides to motivate and inspire everyone by taking them on a field trip to Gettysburg. Some people in the office stay behind and Robert California asks them to come up with Dunder Mifflin/Sabre's next big idea.,5.5,,Jeffrey Blitz,Robert Padnick,1
149,8,9,Mrs. California,7.6,3057,1 Dec 2011,"Robert brings his wife to the office so that she can find a job, but he gives Andy conflicting messages about whether to hire her. Meanwhile, Dwight opens a gym in the building and tries to persuade Darryl to join.",5.71,Maura Tierney,Charlie Grandy,Dan Greaney,1
150,8,10,Christmas Wishes,7.9,2989,8 Dec 2011,"Andy tries to make this year's Christmas the best ever by granting each person's holiday wishes. Meanwhile, Robert California tries to drown his sorrows at the office party.",5.79,,Ed Helms,Mindy Kaling,1
151,8,11,Trivia,7.9,2955,12 Jan 2012,"Andy hopes to make up for a sales deficiency by entering and winning a bar trivia competition, while Dwight flies to corporate headquarters in Florida to demand a management interview with Robert.",5.9,,B.J. Novak,Steve Hely,1
152,8,12,Pool Party,8.0,3207,19 Jan 2012,"Robert throws a party for the Dunder Mifflin staff at his house before he sells it because of his divorce. At the party, Erin and Dwight agree to flirt with each other to make Andy jealous, and Jim tries in vain to duck out early.",6.02,,Charles McDougall,Owen Ellickson,1
153,8,13,Jury Duty,7.4,2895,2 Feb 2012,"Jim gets caught in a lie about his week of ""jury duty,"" and new questions emerge when Angela gives birth to a ""premature"" baby.",5.31,,Eric Appel,Aaron Shure,1
154,8,14,Special Project,7.6,2819,9 Feb 2012,"Andy puts Dwight in charge of a special project in Tallahassee, but Dwight doesn't like the team Andy's assembled for him. Meanwhile, Darryl tries to figure out the meaning of Val's Valentine's gift.",5.19,,David Rogers,Amelie Gillette,1
155,8,15,Tallahassee,7.8,2973,16 Feb 2012,"Dwight refuses to let appendicitis get in the way of leading his new team in Tallahassee, while Andy decides to step in for Erin as secretary in the office.",4.38,,Matt Sohn,Daniel Chun,1
156,8,16,After Hours,8.1,3087,23 Feb 2012,"In Tallahassee, Dwight and Todd Packer try to romance Nellie to get the VP position, while Jim wonders if a colleague is trying to hit on him. Back in Scranton, Val's boyfriend shows up with a message for Darryl.",5.02,,Brian Baumgartner,Halsted Sullivan | Warren Lieberstein,1
157,8,17,Test the Store,7.8,2936,1 Mar 2012,"Dwight and his team get ready for the grand opening of the Sabre Store, while Andy makes Toby teach self-defense to the Scranton branch employees after he is beat up in the parking lot by a girl.",4.95,,Brent Forrester,Mindy Kaling,1
158,8,18,Last Day in Florida,7.8,2863,8 Mar 2012,"Jim tries to warn Dwight that he's going to be fired after Robert rejects the Sabre Store idea, but he refuses to listen. Meanwhile, Darryl and Toby try to sell cookies to Kevin, and Erin tells Andy she's not coming back from Florida.",4.89,,Matt Sohn,Robert Padnick,1
159,8,19,Get the Girl,6.4,3357,15 Mar 2012,"Andy goes to Tallahassee to tell Erin that he loves her and needs her to return to Scranton. Meanwhile, Nellie shows up in Scranton and tries to claim Andy's manager position by offering everyone raises.",4.87,,Rainn Wilson,Charlie Grandy,1
160,8,20,Welcome Party,7.0,2958,12 Apr 2012,"Andy tries to break up with his girlfriend after going to Florida to declare his love for Erin, and the office employees are forced against their will to throw a party for the hated Nellie.",4.39,,Ed Helms,Steve Hely,1
161,8,21,Angry Andy,6.8,3215,19 Apr 2012,"Andy and Erin return to Dunder Mifflin, only to discover that Nellie has taken his job and office and refuses to give them up. Meanwhile, Ryan becomes jealous after Pam tries to play matchmaker for Kelly.",4.35,,Claire Scanlon,Justin Spitzer,1
162,8,22,Fundraiser,7.0,2847,26 Apr 2012,Andy confronts Robert for the first time after losing the manager position and quitting his job at a fund raiser sponsored by Angela's husband.,4.17,,David Rogers,Owen Ellickson,1
163,8,23,Turf War,7.6,2763,3 May 2012,"Dwight and Jim fight with the Syracuse over a client after Robert shuts down the Binghamton branch, and Andy sees an opportunity for revenge. Meanwhile Robert tries to figure out the contents of a drunken voicemail to Nellie.",4.44,Chris Bauer,Daniel Chun,Warren Lieberstein | Halsted Sullivan,1
164,8,24,Free Family Portrait Studio,7.7,2882,10 May 2012,"With former CEO David Wallace's help, Andy launches a plan to get revenge on the Scranton branch. Meanwhile, Dwight launches his own plan to find out if he's the father of Angela's baby.",4.49,,B.J. Novak,B. J. Novak,1
165,9,1,New Guys,7.5,3098,20 Sep 2012,"Dwight and Jim are intimidated by the office's newest additions, who are considered younger versions of themselves. Meanwhile, Andy tries to make Nellie's life miserable, and Angela tries to get rid of one of her cats.",4.28,,Greg Daniels,Greg Daniels,1
166,9,2,Roy's Wedding,7.1,2958,27 Sep 2012,"After Roy's wedding, Jim and Pam wonder if they still have any secrets they're hiding from each other. Meanwhile, Clark tricks Erin into a ""news audition,"" and Dwight challenges Nellie's new charity initiative.",4.13,,Matt Sohn,Allison Silverman,1
167,9,3,Andy's Ancestry,7.3,2916,4 Oct 2012,"Nellie plays a trick on Andy after researching his ancestry, Dwight teaches Erin a new language, and Pam tries to teach Nellie how to drive.",4.14,,David Rogers,Jonathan Green | Gabe Miller,1
168,9,4,Work Bus,7.8,3106,18 Oct 2012,"When Jim convinces Dwight that the building is unsafe, Dwight rents a bus and sets up the office inside. Nellie asks for Andy's help in adopting a baby. Meanwhile, Jim tries to make Pam happy with some pie.",4.28,,Bryan Cranston,Brent Forrester,1
169,9,5,Here Comes Treble,6.9,3011,25 Oct 2012,"On Halloween, the Cornell a Capella group pays a visit to Andy, Dwight discovers that Nellie takes anxiety pills, and Pam disapproves of Jim's business decision.",4.0,Stephen Colbert,Claire Scanlon,Owen Ellickson,1
170,9,6,The Boat,7.7,2950,8 Nov 2012,"Andy has one last chance to captain the family boat before he sells it, Jim, Pam, and Nellie prank Dwight with a radio interview, and Kevin finds out about Oscar's affair with Angela's husband.",4.83,Josh Groban,John Krasinski,Dan Sterling,1
171,9,7,The Whale,7.5,2825,15 Nov 2012,"The office trains Dwight to sell to a female client without being offensive, only to discover that the client is Jan Levinson. Angela and Oscar both think the senator is cheating on them, and Jim has trouble on an important conference call.",4.16,,See full summary,Carrie Kemper,1
172,9,8,The Target,7.8,2950,29 Nov 2012,"Angela orders a hit on Oscar for cheating with her husband, the office makes a tower with their customer complaint cards, Jim wines and dines Stanley and Phyllis in exchange for a favor, and Pam begins her mural.",3.88,,Brent Forrester,Graham Wagner,1
173,9,9,Dwight Christmas,8.4,3328,6 Dec 2012,"Dwight puts together a Pennsylvania Dutch-themed office Christmas party, but he ends it abruptly because Jim has to leave for his other job. Meanwhile, Erin seeks comfort from a co-worker after a disappointing text from Andy.",4.16,,Charles McDougall,Robert Padnick,1
174,9,10,Lice,7.6,2923,10 Jan 2013,"Pam causes a lice outbreak but lets Meredith take the blame, Jim has a business meeting with Dr. J, and some coworkers try to get Darryl and Val back together.",4.54,Julius Winfield Erving,Rodman Flender,Niki Schwartz-Wright,1
175,9,11,Suit Warehouse,7.8,2871,17 Jan 2013,"Dwight and Clark pose as father and son to get an account, Darryl goes for an interview with Jim's new business, and everybody in the office goes crazy over a new espresso machine.",4.15,,Matt Sohn,Dan Greaney,1
176,9,12,Customer Loyalty,7.9,2964,24 Jan 2013,"Dwight tries to keep Darryl from leaving Dunder Mifflin, Jim misses his daughter's recital because of an important business meeting, and Nellie is worried that Erin will dump Andy for Pete.",4.19,,Kelly Cantley-Kashima,Jonathan Green | Gabe Miller,1
177,9,13,Junior Salesman,7.5,2803,31 Jan 2013,Dwight gets to hire a new salesman to replace Jim when he is at his other job. But will he promote Clark or go with one of his unqualified friends instead?,4.45,,David Rogers,Carrie Kemper,1
178,9,14,Vandalism,7.4,2814,31 Jan 2013,"Pam tries to find out who vandalized her mural, Darryl finds out that Jim is a slob, and Oscar and Kevin go to Angela and The Senator's child's first birthday party.",3.97,,Lee Kirk,Owen Ellickson,1
179,9,15,Couples Discount,7.2,2871,7 Feb 2013,"Andy returns after three months to an angry office and an even angrier girlfriend, and Jim's Valentines Day with Pam does not go as planned.",4.15,,Troy Miller,Allison Silverman,1
180,9,16,Moving On,8.0,3108,14 Feb 2013,"Andy finds out that Erin dumped him for Pete, Dwight gets Angela's help taking care of his aunt, and Pam interviews with a real estate firm whose boss is a carbon-copy of Michael Scott.",4.06,,Jon Favreau,Graham Wagner,1
181,9,17,The Farm,7.5,3275,14 Mar 2013,Show follows Dwight Schrute a beet farmer running a bed and breakfast inn.,3.54,,Paul Lieberstein,Paul Lieberstein,1
182,9,18,Promos,7.9,2895,4 Apr 2013,"The release of the documentary promos creates tension for the Dunder Mifflin employees, Dwight considers a business venture with his girlfriend's family, and Jim and Darryl have an awkward business meeting with baseball player Ryan Howard.",3.44,Ryan Howard,Jennifer Celotta,Tim McAuliffe,1
183,9,19,Stairmageddon,8.0,3004,11 Apr 2013,"Dwight shoots Stanley with a bull tranquilizer after he refuses to go on a sales call, Jim and Pam head to marriage counseling, The Senator comes out of the closet, and Andy tries to find a talent agent.",3.83,,Matt Sohn,Dan Sterling,1
184,9,20,Paper Airplane,8.0,3085,25 Apr 2013,"The employees hold a paper airplane competition, Andy gets an acting role in a workplace safety video, and Jim and Pam's marriage tensions continue to build.",3.25,,Jesse Peretz,Halsted Sullivan | Warren Lieberstein,1
185,9,21,Livin' the Dream,9.1,4517,2 May 2013,"Dwight becomes regional manager after Andy quits his job, Jim dedicates more time to his Dunder Mifflin job to save his marriage, and Angela has problems with her new living arrangements after her breakup with The Senator.",3.51,Michael Imperioli ,Jeffrey Blitz,Niki Schwartz-Wright,1
186,9,22,A.A.R.M.,9.5,6019,9 May 2013,"Dwight prepares for a marriage proposal and hires an assistant for his assistant, Andy auditions for a singing program, Darryl tries to leave his job without a fuss, and Pam has second thoughts about Jim staying in Scranton.",4.56,,David Rogers,Brent Forrester,1
187,9,23,Finale,9.8,15459,16 May 2013,"One year later, Dunder Mifflin employees past and present reunite for a panel discussion about the documentary and to attend Dwight and Angela's wedding.",5.69,"Joan Cusack, Ed Begley Jr, Rachel Harris, Nancy Walls",Ken Kwapis,Greg Daniels,4
